getting started with pentaho PDF 下载,https://pan.baidu.com/s/1i7mwpnR,8phh
solr 7.2官方文档 DOC 下载,https://pan.baidu.com/s/1htWjpL6,i976
Java多线程与并发库高级应用 PDF 下载,https://pan.baidu.com/s/1c2RrqVm,bsyv
Beginning JavaFX PDF 下载,https://pan.baidu.com/s/1c3UVsiO,eg7z
小程序发展的道与术 PDF 下载,https://pan.baidu.com/s/1gfU8T95,thby
<b><font color='#FF0000'>《深入浅出数据分析》PDF 下载</font></b>,https://pan.baidu.com/s/1o9XsD9C,kwmv
react快速上手开发 PDF 下载,https://pan.baidu.com/s/1ggT3geZ,vg9v
Coding Interview in Java PDF 下载,https://pan.baidu.com/s/1bquzw3X,1ysz
jasper report开发指南 PDF 下载,https://pan.baidu.com/s/1djCdWi,ac0t
java hours teach yourself 8th PDF 下载,https://pan.baidu.com/s/1qZwGFNI,ltxz
httpclient4.5.5官方手册 PDF 下载,https://pan.baidu.com/s/1mjwiPnU,z4xg
《OpenStack实战指南》 PDF 下载,https://pan.baidu.com/s/1pMPiTsR,fpyw
Digital Signatures for PDF documents PDF 下载,https://pan.baidu.com/s/1nw5Ajrj,21fz
<b><font color='#FF0000'>《Java游戏编程原理与实践教程》PDF 下载</font></b>,https://pan.baidu.com/s/1pMdfJMr,yxqv
浅析云盘技术及存储原理 PDF 下载,https://pan.baidu.com/s/1i6yWEFF,kx3d
Lifebeyond Distributed Transactions PDF 下载,https://pan.baidu.com/s/1jJ0W334,dxgk
JAVA_API_1.7中文 CHM 下载,https://pan.baidu.com/s/1htFT74C,92tl
《LINUX宝典-(第4版)》PDF 下载,https://pan.baidu.com/s/1kW0Us9x,nhhq
《Linux操作系统实用教程》PDF 下载,https://pan.baidu.com/s/1cVy9WU,yyfq
Python爬虫开发与项目实战 PDF 下载,https://pan.baidu.com/s/1c4bawtq,umpm
<b>《JAVA并发编程实践》PDF 下载</b>,https://pan.baidu.com/s/1qZwawhQ,zhvc
分布式调用链跟踪 PDF 下载,https://pan.baidu.com/s/1nwsIFOl,exyz
Mastering Microservices with Java PDF 下载,https://pan.baidu.com/s/1jJht1Ue,fp9z
Java常用的8大排序算法 PDF 下载,https://pan.baidu.com/s/1dGHv0ch,9sc4
《商业智能深入浅出——Cognos，Informatica技术与应,https://pan.baidu.com/s/1o98V4lc,xopv
<b>《Java并发编程实战》PDF 下载</b>,https://pan.baidu.com/s/1i6FlscH,m21n
<b><font color='#FF0000'>《代码大全(第2版)》PDF 下载</font></b>,https://pan.baidu.com/s/1nwLiHfV,7esi
<b><font color='#FF0000'>《Java多线程编程核心技术》PDF 下载</font></b>,https://pan.baidu.com/s/1sm2JFuH,sbyu
Nginx负载均衡集群配置文档 PDF 下载,https://pan.baidu.com/s/1bqCF5oj,o0lj
Software Architecture in Practice PDF 下载,https://pan.baidu.com/s/1pMPOiN5,u9oq
Logash Elasticsearch Kibana 日志系统全套安装部署 PD,https://pan.baidu.com/s/1o98ppN0,270n
认证中心交互接口文档 DOC 下载,https://pan.baidu.com/s/1dUYrIA,d0do
Dorado7.x基础培训详解 PDF 下载,https://pan.baidu.com/s/1pMfgVaz,g2ek
Troubleshooting Guide for Java SE 6 with HotSpot VM PDF 下载,https://pan.baidu.com/s/1oAmQHzs,3y37
<b><font color='#FF0000'>《微信公众平台应用开发实战》PDF 下载</font></b>,https://pan.baidu.com/s/1smgyFRR,ojzf
算法刷题LeetCode中文版 PDF 下载,https://pan.baidu.com/s/1ggeHhvX,nhx7
Nginx关键技术分析及运用 PDF 下载,https://pan.baidu.com/s/1o9YD2gq,ddyr
Security Reference Manual for i.MX PDF 下载,https://pan.baidu.com/s/1i7aj5Dr,fv0n
node cookbook 3rd PDF 下载,https://pan.baidu.com/s/1i7owC4H,wwat
<b>《Eclipse从入门到精通（第2版）》PDF 下载</b>,https://pan.baidu.com/s/1nwbNafJ,txs9
Scientific Data Analysis using Jython Scripting and Java PDF,https://pan.baidu.com/s/1bqejitL,hfq1
<b><font color='#FF0000'>《轻松学Java》PDF 下载</font></b>,https://pan.baidu.com/s/1cPYbT0,f21d
informatica powercenter 官方教程 PDF 下载,https://pan.baidu.com/s/1dHevohb,a9jn
《Java用户界面编程指南》PDF 下载,https://pan.baidu.com/s/1o94Rb66,on4i
《Java 用户界面编程指南》PDF 下载,https://pan.baidu.com/s/1o94Rb66,on4i
使用Java进行SNMP编程-SNMP4J-代码实例 PDF 下载,https://pan.baidu.com/s/1htJquyS,z1qq
Kafka Streams in Action PDF 下载,https://pan.baidu.com/s/1i6mesBj,2ox9
软件工程文档模板(完整规范版) DOC 下载,https://pan.baidu.com/s/1nwTV03f,ufuf
data structures and other objects using java 4ed PDF 下载,https://pan.baidu.com/s/1dGrCexr,2hj1
<b><font color='#FF0000'>《重构：改善既有代码的设计》 PDF 下载</font></b>,https://pan.baidu.com/s/1jJ7aVbS,wvar
Compiler Construction Using Java JavaCC and Yacc PDF 下载,https://pan.baidu.com/s/1kWYJkhD,1uqp
Modern Compiler Implementation in Java, 2nd Edition PDF 下载,https://pan.baidu.com/s/1kWHOlCj,jfe8
idempiere开发指南 PDF 下载,https://pan.baidu.com/s/1qZtX03y,60cm
<b><font color='#FF0000'>《解析极限编程—拥抱变化（原书第2版）》PDF</font></b>,https://pan.baidu.com/s/1hucnd7A,f3j4&nbsp;
《敏捷软件开发—原则、模式与实践》PDF 下载,https://pan.baidu.com/s/1smIXRLN,bh7c
Nginx+tomcat6+jdk6+mysql5.6环境配置 PDF 下载,https://pan.baidu.com/s/1jKgmG6a,26cp
elasticjob中文文档 PDF 下载,https://pan.baidu.com/s/1pMRPt1p,qhg3
Python标准库3.6 参考手册 PDF 下载,https://pan.baidu.com/s/1deQNcM,a666
<b><font color='#FF0000'>《Head First Java(第2版)中文版》PDF 下载</font></b>,https://pan.baidu.com/s/1kXpDZ1P,sc9o
在Google使用Borg进行大规模集群的管理 PDF 下载,https://pan.baidu.com/s/1kVVKVmJ,cbas
《算法(第四版)》PDF 下载,https://pan.baidu.com/s/1jJC0xaI,o8gg
idea与git实战应用 PDF 下载,https://pan.baidu.com/s/1qZ4M8Ba,o09t
《Java程序设计教程》PDF 下载,https://pan.baidu.com/s/1dpafee,qwn6
Cracking the coding interview 6th PDF 下载,https://pan.baidu.com/s/1sm94jTj,9x01
笨办法学 Linux 中文版 PDF 下载,https://pan.baidu.com/s/1oAp7IOU,bx1m
react quickly PDF 下载,https://pan.baidu.com/s/1sm3y37J,zui1
Python for Data Analysis, 2nd Edition PDF 下载,https://pan.baidu.com/s/1qZrVjhq,k508
JAVA The Ultimate Beginner's Guide! PDF 下载,https://pan.baidu.com/s/1eTLvL1w,knvp
生产企业MES解决方案 PDF 下载,https://pan.baidu.com/s/1i6zAXGL,35mm
Eclipse超级完美汉化教程 PDF 下载,https://pan.baidu.com/s/1htX2WCk,f5l2
fullstack react book r35a PDF 下载,https://pan.baidu.com/s/1nwEvRDn,jjzo
Effective Java PDF 下载,https://pan.baidu.com/s/1dF2KEWx,4mcv
阿里云消息服务(MNS)API文档 PDF 下载,https://pan.baidu.com/s/1o8cJSdc,og8y
Beginning python 3 PDF 下载,https://pan.baidu.com/s/1o7JNeCq,4b0i
深入理解Python中文版高清(Dive into Python) PDF 下载,https://pan.baidu.com/s/1bTESk2,wkko
<b><font color='#FF0000'>《软件工程：实践者的研究方法（原书第7版·本</font></b>,https://pan.baidu.com/s/1dEBrS3Z,eh9l
云上的春节-微博cache混合云实践 PDF 下载,https://pan.baidu.com/s/1jIjD8RO,v2y4
设计方法与策略：代尔夫特设计指南 PDF 下载,https://pan.baidu.com/s/1bpAWkz1,lubm
<b>《Java程序员职场全攻略—从小工到专家》PDF 下载</b>,https://pan.baidu.com/s/1slIBdTV,yzmw
mq下载与安装简介相关文档 DOC 下载,https://pan.baidu.com/s/1dFHD9JF,8z9c
apache_shiro用户权限管理 DOC 下载,https://pan.baidu.com/s/1nvDt1HZ,c2c5
Rxjava-中文文档 PDF 下载,https://pan.baidu.com/s/1cLh16m,b8yf
<b><font color='#FF0000'>《Java经典编程300例》PDF 下载</font></b>,https://pan.baidu.com/s/1dFcwjIT,6vui
京东前端工业化实践之路 PDF 下载,https://pan.baidu.com/s/1slFTee5,ppi6
jfinally3.3手册 PDF 下载,https://pan.baidu.com/s/1jHZ4c7O,8o8z
Java Interview Guide PDF 下载,https://pan.baidu.com/s/1i51qtt7,nqlg
如何用Netty写一个自己的RPC框架 PDF 下载,https://pan.baidu.com/s/1nv7TLS9,zv8n
Jenkins Svn Docker SpringCloud实现可持续自动化微服务,https://pan.baidu.com/s/1dFvYQNR,wu99
常见算法及部分java实现 PDF 下载,https://pan.baidu.com/s/1bWwBq2,aktk
Atlassian Conflucence 5 Essentials PDF 下载,https://pan.baidu.com/s/1bVa5cU,byo4
JAVA EE 8 APPLICATION DEVELOPMENT PDF 下载,https://pan.baidu.com/s/1qYFVdyk,ni4k
<b><font color='#FF0000'>《疯狂Java：突破程序员基本功的16课(修订版)》</font></b>,https://pan.baidu.com/s/1nvknkzZ,ncxy
<b>《疯狂Java：突破程序员基本功的16课》PDF 下载</b>,https://pan.baidu.com/s/1nvknkzZ,ncxy
junit5用户指南 PDF 下载,https://pan.baidu.com/s/1slysbj3,87t3
Mastering ArcGIS Server Development with JavaScript PDF 下载,https://pan.baidu.com/s/1cEvH18,fgaz
mysql实现读写分离 PDF 下载,https://pan.baidu.com/s/1qXEsT32,agub
Mastering ArcGIS Enterprise PDF 下载,https://pan.baidu.com/s/1skHECnN,9nlf
棋盘覆盖算法代码 DOC 下载,https://pan.baidu.com/s/1jIQW0U6,vier
consul官方中文文档 PDF 下载,https://pan.baidu.com/s/1o76VsmQ,tcmh
理解ThreadLocal PDF 下载,https://pan.baidu.com/s/1kUWdQPT,iokk
github自学教程 PDF 下载,https://pan.baidu.com/s/1kViVdx9,1lyt
<font color='#FF0000'>《认知与设计：理解UI设计准则》PDF 下载</font>,https://pan.baidu.com/s/1i4BPjA9,u7l1
LINUX性能调优方法总结 PDF 下载,https://pan.baidu.com/s/1geKa6Dt,f51d
design patterns elements of reusable object-oriented softwar,https://pan.baidu.com/s/1pKRlSXd,tc14
云栖社区开发者大2017中国开发者调查报告 PDF 下,https://pan.baidu.com/s/1qY4zwkc,p8v5
The Tao of Microservices Manning PDF 下载,https://pan.baidu.com/s/1c2978u0,rjow
RabbitMQ延时消息实现方案 PDF 下载,https://pan.baidu.com/s/1gflKLWZ,51uv
网络爬虫-Python和数据分析 PDF 下载,https://pan.baidu.com/s/1miafq5q,wde9
《R语言实战》PDF 下载,https://pan.baidu.com/s/1dFEpiYd,7crh
clean code javascript.pdf 代码整洁的 JavaScript 下载 P,https://pan.baidu.com/s/1gfkyTsJ,w2wo
Intellij IDEA调试Elasticsearch 6.1.0源码 PDF 下载,https://pan.baidu.com/s/1i5kuOrb,4akf
Vert xguide for java devs PDF 下载,https://pan.baidu.com/s/1hr5LpNA,mbfw
API+Everything+–+饿了么基于效率提升的API架构 PD,https://pan.baidu.com/s/1nvEENJb,0ddz
JHipster v4 minibook PDF 下载,https://pan.baidu.com/s/1boIMGlL,2jqb
Java异步技术原理和实践 PDF 下载,https://pan.baidu.com/s/1hrICziO,zi4f
Activiti用户指南 PDF 下载,https://pan.baidu.com/s/1qYj06ni,5ffd
jfinal3.3开发学习文档 PDF 下载,https://pan.baidu.com/s/1mhG2uyk,v0fb
部署MariaDB Galera Cluster+mycat集群搭建 PDF 下载,https://pan.baidu.com/s/1qYHquxY,nvkv
the art of multiprocessor programming PDF 下载,https://pan.baidu.com/s/1c2vuho8,4yhi
Effective Java, Third Edition PDF 下载,https://pan.baidu.com/s/1kVkq7Ef,2l2e
2017阿里技术年度精选（上）PDF 下载,https://pan.baidu.com/s/1bo8DeUF,5l3d
2017阿里技术年度精选（下）PDF 下载,https://pan.baidu.com/s/1ce3pBC,gmlo
<b>《Java Swing图形界面开发与案例详解》PDF 下载</b>,https://pan.baidu.com/s/1dEEE7GP,q3n5
Python 编码风格指南中译版（Google SOC）PDF 下载,https://pan.baidu.com/s/1nvIIsWT,jzwe
Expert Apache Cassandra Administration 2018 PDF 下载,https://pan.baidu.com/s/1mieOKHi,z5sl
使用 VMware Server 在 Oracle Enterprise Linux 上安装 Or,https://pan.baidu.com/s/1pLzHsG7,c3c5
java命令行打包及其使用指南 PDF 下载,https://pan.baidu.com/s/1c2DAUT6,4zf4
OutOfMemoryError_8种典型案例分享 PDF 下载,https://pan.baidu.com/s/1gfCiRFd,n68w
building reactive microservices in java PDF 下载,https://pan.baidu.com/s/1miP5W6G,kjyq
svn+myeclipse集成和本地服务器搭建步骤详解 PDF 下,https://pan.baidu.com/s/1qYSL984,1o30
《ECLIPSE RCP应用系统开发方法与实战》PDF 下载,https://pan.baidu.com/s/1hrFo1q0,p53e
OCA  OCP Java SE 8 Programmer Practice Tests PDF 下载,https://pan.baidu.com/s/1slG8huX,5zkq
Pro Java 9 Games Development Leveraging the JavaFX APIs PDF,https://pan.baidu.com/s/1nv7mQsL,ab4c
《计算机文化导论(原书第10版)》PDF 下载,https://pan.baidu.com/s/1o83NaWi,q23d&nbsp;
<b><font color='#FF0000'>《计算机文化（原书第15版)》PDF 下载</font></b>,https://pan.baidu.com/s/1boEIAbt,my0g
ARM System Developer's Guide PDF 下载,https://pan.baidu.com/s/1eRWTxSI,2yps
Domain-Driven Design Tackling Complexity in+the Heart of+Sof,https://pan.baidu.com/s/1kVaMScB,z1ox
《阿里巴巴Java开发规约》插件使用详细指南 PD,https://pan.baidu.com/s/1o7Gyb26,90kh
Advances in Mathematical Modeling Optimization and Optimal C,https://pan.baidu.com/s/1c1Gcyfm,6ubn
pro javafx 9 4th PDF 下载,https://pan.baidu.com/s/1kVsxLyB,4dni
应用产品的微服务化之路－－拆分与重构-徐进,https://pan.baidu.com/s/1mitHGgw,cif7
Apache Log4j 2 v2 用户指南 PDF 下载,https://pan.baidu.com/s/1miJ0gAW,oczt
Java A Beginner's Guide, Seventh Edition PDF 下载,https://pan.baidu.com/s/1qYC6sQo,noch
基于Docker的更新、扩容与自动容错 PDF 下载,https://pan.baidu.com/s/1bpdeYtx,14st
docker入门教程 PDF 下载,https://pan.baidu.com/s/1qXQ3mwO,sq70
JDK8全面认识 PDF 下载,https://pan.baidu.com/s/1pKEtSG7,6o5i
基于微服务的企业应用架构设计 PDF 下载,https://pan.baidu.com/s/1c1UpxXu,ris7
Asynchronous programming in Java8 PDF 下载,https://pan.baidu.com/s/1cDEFnw,g00s
尚学堂_百战程序员_1573题1.0版 PDF 下载,https://pan.baidu.com/s/1nvON67R,9dog
软件开发常用词汇 PDF 下载,https://pan.baidu.com/s/1qYUNf32,6ktt
《Java并发编程：设计原则与模式（第二版）》,https://pan.baidu.com/s/1mioXLrE,npxd
Business Modeling and Data Mining-33 PDF 下载,https://pan.baidu.com/s/1pKEZMeZ,9et2
CocosCreator脚本开发手册 PDF 下载,https://pan.baidu.com/s/1sl0sWzV,mn3c
Learning Elasticsearch PDF 下载,https://pan.baidu.com/s/1i4DkmiD,v1ss
<b>《Java典型模块与项目实战大全》PDF 下载</b>,https://pan.baidu.com/s/1hrV3gCc,hx27
Linux通过源代码安装Memcached PDF 下载,https://pan.baidu.com/s/1qXVSH20,vqt9
《UML用户指南（第二版）》PDF 下载,https://pan.baidu.com/s/1sl9MiyL,8sl7
<b><font color='#FF0000'>《菜鸟成长之路—Java程序员职场全攻略》PDF 下载</font></b>,https://pan.baidu.com/s/1o7GxGwE,0p7m
Scalable IO in Java PDF 下载,https://pan.baidu.com/s/1dEGFY0L,7b6t
Centos7.0安装配置keepalived+mysql PDF 下载,https://pan.baidu.com/s/1i47epRR,j1pu
<b><font color='#FF0000'>《大话JAVA：从零基础到数据库、WEB开发》PDF 下载</font></b>,https://pan.baidu.com/s/1eRWmRku,zl6e
ZStack RESTful API cookbook PDF 下载,https://pan.baidu.com/s/1boKhIRd,rop4
Software Requirements , 3rd Edition PDF 下载,https://pan.baidu.com/s/1hrLt0bE,ckxd
<b><font color='#FF0000'>《数字图像处理：Java语言算法描述》PDF 下载</font></b>,https://pan.baidu.com/s/1crZFkU,zgdi
《数字图像处理—JAVA编程与实验》PDF 下载,https://pan.baidu.com/s/1jHBfWnc,1jpd
Pro Git 第二版（中文版）PDF 下载,https://pan.baidu.com/s/1geJt9L5,ofn1
Java 并发性和多线程 - v1.2 PDF 下载,https://pan.baidu.com/s/1jHYM0Rk,k4gq
JMeter从入门到精通 DOC 下载,https://pan.baidu.com/s/1ge9QasF,srde
Jetbrains插件开发入门 PDF 下载,https://pan.baidu.com/s/1sliH4JV,fiqa
天猫Java并发编程常识 PPT 下载,https://pan.baidu.com/s/1nvBpUWh,2x6o
Moqui 应用开发指南 PDF 下载,https://pan.baidu.com/s/1pK77Usz,fvl6
KafKa安装使用手册 PDF 下载,https://pan.baidu.com/s/1nvijNlv,kxvd
FastDFS介绍（官方文档） PDF 下载,https://pan.baidu.com/s/1gf8K0dP,o2f1
基于CentOS的集群搭建 PDF 下载,https://pan.baidu.com/s/1jIIh9Wy,mr20
book of vaadin7 7  PDF 下载,https://pan.baidu.com/s/1dE66nNr,6e5z
微博复杂信息流的架构之道 PDF 下载,https://pan.baidu.com/s/1boL31dt,eyyk
万亿O2O移动平台的敏捷之术 PDF 下载,https://pan.baidu.com/s/1nuTq4fn,3rx8
关于weblogic92使用64位JDK PDF 下载,https://pan.baidu.com/s/1i5GNATn,m5ss
migrating java to the cloud PDF 下载,https://pan.baidu.com/s/1eSIpBua,dgit
poi基础教程 PDF 下载,https://pan.baidu.com/s/1jH4ZUwI,tdub
Kafka The Definitive Guide PDF 下载,https://pan.baidu.com/s/1o8BnHRc,qc0b
Percona Xtradb Cluster安装 PDF 下载,https://pan.baidu.com/s/1jIKjv98,nppm
flowable官方文档汉化版V6.2 PDF 下载,https://pan.baidu.com/s/1c2hLNeK,z66y
HTTP协议简介 PDF 下载,https://pan.baidu.com/s/1jIMRbZg,ofca
PrimeFaces中文教程 PDF 下载,https://pan.baidu.com/s/1kVswUdL,2tmv
百度分布式数据实践与进展 PDF 下载,https://pan.baidu.com/s/1gfALWdl,0k3j
Matrix Analysis and Applied Linear Algebra PDF 下载,https://pan.baidu.com/s/1c1VA8so,fe2u
git相关问题解决 DOC 下载,https://pan.baidu.com/s/1nvijwhj,xo6z
centos7安装部署Oracle 11g手册超经典 PDF 下载,https://pan.baidu.com/s/1gfMrhr9,qn8y
Clean Architecture A Craftsman's Guide to Software Structure,http://pan.baidu.com/s/1kVzOkQV,94mm
《Java脚本编程：语言框架与模式》PDF 下载,http://pan.baidu.com/s/1dFm3dM5,2x31
Groovy程序设计 PDF 下载,http://pan.baidu.com/s/1mhLkz9Y,7lbz
深度学习利器tensorflow程序设计 PDF 下载,http://pan.baidu.com/s/1slNsn17,c5se
面向程序员的数据挖掘指南 PDF 下载,http://pan.baidu.com/s/1eSjJgHk,qrvd
Google_Maps_API_V3_中文参考文档 DOC 下载,http://pan.baidu.com/s/1bpavHs7,rhhi
IKAnalyzer中文分词器V2012使用手册 PDF 下载,http://pan.baidu.com/s/1bpNeLcj,5y4x
Java 7 Pocket Guide, 2nd Edition PDF 下载,http://pan.baidu.com/s/1gfjaWb5,865g
Nginx安装及使用 PDF 下载,http://pan.baidu.com/s/1nv65iAl,49ry
FastUnit开发手册3.6 PDF 下载,http://pan.baidu.com/s/1eS2FDIy,4sga
j-zerocopy-pdf 下载,http://pan.baidu.com/s/1eSKW646,ueo7
KAFKA从入门到放弃 PDF 下载,http://pan.baidu.com/s/1nvgMD0t,6jq7
Instrumentation of Java Bytecode for Runtime Analysis PDF 下载,http://pan.baidu.com/s/1gfQucYv,7mns
JVM必知必会 PDF 下载,http://pan.baidu.com/s/1hseoRp6,ffd1
Mastering RabbitMQ PDF 下载,http://pan.baidu.com/s/1qYPvEGk,98ew
Java NIO通信框架在电信领域的实践 DOC 下载,http://pan.baidu.com/s/1c2vrVVE,3rtd
Deep+Learning+with+Python PDF 下载,http://pan.baidu.com/s/1jI5UWMq,5vgc
Step-by-step_Installation_Guide_RAC_12cR1_on_Linux PDF 下载,http://pan.baidu.com/s/1slx9sRz,56qe
Appel Frank Testing with JUnit PDF 下载,http://pan.baidu.com/s/1dECA6Lb,4xii
Everything-You-Need-to-Know-About-Investing PDF 下载,http://pan.baidu.com/s/1b9YLUQ,kk8l
Java 9 High Performance PDF 下载,http://pan.baidu.com/s/1slr38q5,k2pj
Learn Java GUI Applications A JFC Swing Tutorial PDF 下载,http://pan.baidu.com/s/1gfq2aSr,tvbo
GPS培训文档 PDF 下载,http://pan.baidu.com/s/1o8sVu46,pahf
Drools技术指南 PDF 下载,http://pan.baidu.com/s/1bzjrRo,8o9t
Java A Beginners Guide 7th Edition PDF 下载,http://pan.baidu.com/s/1c2rnUAc,biye
Beginning Java 9 Fundamentals PDF 下载,http://pan.baidu.com/s/1c1UnjFE,9ad2
常用数据挖掘算法总结及Python实现 PDF 下载,http://pan.baidu.com/s/1c1V9iDE,4boc
Python Machine Learning Cookbook PDF 下载,http://pan.baidu.com/s/1misZu1i,bmzp
More Java Pitfalls PDF 下载,http://pan.baidu.com/s/1i56C8S1,ef5t
Percona-Toolkit-3.0.4 PDF 下载,http://pan.baidu.com/s/1dFhIoRR,flc2
SVG精髓 第2版 PDF 下载,http://pan.baidu.com/s/1i5w3gJ7,9mnu
Java锁机制详解 PDF 下载,http://pan.baidu.com/s/1i53UDP7,ousn
Reactive Programming With Java 9 PDF 下载,http://pan.baidu.com/s/1pKNKYG7,mrl9
Java 9 Cookbook 2 PDF 下载,http://pan.baidu.com/s/1eSCOp9o,cocb
neo4j-operations-manual-3.3 PDF 下载,http://pan.baidu.com/s/1cvvxEm,q806
Linuxwin java预览word,并实现打印，各大主流浏览器,http://pan.baidu.com/s/1pL7Mdx5,j0i6
Containerizing Continuous Delivery in Java PDF 下载,http://pan.baidu.com/s/1qX8PGuw,qvt5
架构师笔记 PDF 下载,http://pan.baidu.com/s/1slFPyWH,9jll
千锋HTML5教学部原创巨著《大话全栈》第一回：,http://pan.baidu.com/s/1bpi2bRh,nfok
jmeter二次开发准备 PDF 下载,http://pan.baidu.com/s/1hsiXO0k,86ui
快学Scala PDF 下载,http://pan.baidu.com/s/1mi9ocyc,74ml
java_tutorial_point PDF 下载,http://pan.baidu.com/s/1c1CBT88,vfgi
neo4j-developer-manual-3.3-java PDF 下载,http://pan.baidu.com/s/1skB5yu5,pk89
Node.js in Practice PDF 下载,http://pan.baidu.com/s/1jHJRkyU,fe0p
introducing-java-8 PDF 下载,http://pan.baidu.com/s/1nuNiQwT,eu7m
Java游戏编程原理与实践教程 PDF 下载,http://pan.baidu.com/s/1gf5uxrX,jjo4
分布式实时监控-明镜 PDF 下载,http://pan.baidu.com/s/1qY3Gd44,mqma
Selenium WebDriver实战宝典 PDF 下载,http://pan.baidu.com/s/1pLRyGOj,4jsv
JavaEE应用开发 - 入门指南 (v0.3) PDF 下载,http://pan.baidu.com/s/1pKNKEkr,7vqj
Neo4j中文操作指南及JavaDemo PDF 下载,http://pan.baidu.com/s/1o8tAK7g,42pj
Modern Java Recipes PDF 下载,http://pan.baidu.com/s/1nuWChE5,akhq
sonar环境的基本搭建与使用 PDF 下载,http://pan.baidu.com/s/1mhYFUMs,kxk6
Java 9 Modularity Patterns and Practices for Developing Main,http://pan.baidu.com/s/1qYp2KtI,2pwp
Hikaricp源码解读 PDF 下载,http://pan.baidu.com/s/1pLysuO7,d1xo
Tokyocabinet-Tokyotyrant文档大合集 PDF 下载,http://pan.baidu.com/s/1c2KtyjY,u9bc
正则表达式袖珍版 PDF 下载,http://pan.baidu.com/s/1gfhDCjT,gnww
OceanBase云时代的关系数据库 PDF 下载,http://pan.baidu.com/s/1kU9F3rp,34uz
Packt Java 9 Programming Blueprints  PDF 下载,http://pan.baidu.com/s/1jH5DIVO,gesg
linux_nfc_subsystem PDF 下载,http://pan.baidu.com/s/1dELwHzF,9chv
SMALI语法中文 PDF 下载,http://pan.baidu.com/s/1eSCN1YU,dfvz
kafka &amp; mafka client开发与实践 PDF 下载,http://pan.baidu.com/s/1i5pGDN3,m8go
BPMN2.0.2 PDF 下载,http://pan.baidu.com/s/1qXOybDU,6pd9
java web component developer certification SCWCD 2 PDF 下载,http://pan.baidu.com/s/1dFwAuIH,yf67
蚂蚁金服Web研发支撑和服务实践 PDF 下载,http://pan.baidu.com/s/1slFiMDZ,1fcc
AWS无服务器架构 PDF 下载,http://pan.baidu.com/s/1ge3H9PT,o6sl
FastDFS+Nginx安装及配置 PDF 下载,http://pan.baidu.com/s/1o8QegOy,sske
Data Mining and Predictive Analytics 3nd Edition PDF 下载,http://pan.baidu.com/s/1kUHMAP5,yprd
Python 实战-从菜鸟到大牛的进阶之路 PDF 下载,http://pan.baidu.com/s/1o8yZLb0,bmnk
iReport-JasperReports报表开发指南 PDF 下载,http://pan.baidu.com/s/1boYrH8r,13xh
分布式监控系统的设计与实现 PDF 下载,http://pan.baidu.com/s/1pLjyCCN,hhuu
微信终端跨平台组件 Mars 系列（三）连接超时与,http://pan.baidu.com/s/1eR9iXIM,ot1o
微信终端跨平台组件 mars 系列(二) - 信令 PDF 下载,http://pan.baidu.com/s/1hrRvSnq,tta7
线上服务CPU100%问题快速定位实战 DOC 下载,http://pan.baidu.com/s/1hscRfOo,lxot
谈消息安全传输中的技术点 DOC 下载,http://pan.baidu.com/s/1dFMs2EP,t5mb
fastJson属性配置说明 DOC 下载,http://pan.baidu.com/s/1pKPfFnl,0zfn
调试工具Coolwatcher基本操作指南 PDF 下载,http://pan.baidu.com/s/1slyTxHN,6z87
ice_中文教程 PDF 下载,http://pan.baidu.com/s/1pLuT4vT,l60g
尽在双11：阿里巴巴技术演进与超越 PDF 下载,http://pan.baidu.com/s/1bWXhAu,ismw
Vaadin7 中文文档 PDF 下载,http://pan.baidu.com/s/1eSCMyX0,mlu6
idea中配置tomcat PDF 下载,http://pan.baidu.com/s/1pLibQd1,o967
SonarLint 使用手册 PDF 下载,http://pan.baidu.com/s/1gfxRjgv,cleg
Java 9 新特性官方版 PDF 下载,http://pan.baidu.com/s/1nv5g4tj,jpeo
Git和GitHub使用教程 PDF 下载,http://pan.baidu.com/s/1kVzKTU3,6aq0
Plantix1.5开发手册 PDF 下载,http://pan.baidu.com/s/1i4RZalf,u8rl
Glide v4 中文版 PDF 下载,http://pan.baidu.com/s/1qY2syV6,rzk9
IntelliJ IDEA配置Tomcat 9 PDF 下载,http://pan.baidu.com/s/1slx6JKx,brcw
Java EE 8 最终规范 PDF 下载,http://pan.baidu.com/s/1qY7Iez6,2zjw
ireport3.7.2操作手册 PDF 下载,http://pan.baidu.com/s/1qYC1Jli,qsgn
Docker容器技术使用指南中文版 PDF 下载,http://pan.baidu.com/s/1sl0o1Vf,uiip
Cracking the Coding Interview(6th) PDF 下载,http://pan.baidu.com/s/1jHI3soQ,o0rp
Antennas - for all applications PDF 下载,http://pan.baidu.com/s/1i4I5vOp,f0fj
Quectel_M26_AT命令手册_V1.0 PDF 下载,http://pan.baidu.com/s/1dEDTOLN,1fde
JavaMail API Design Specification Version 1.5 PDF 下载,http://pan.baidu.com/s/1dE1c6dF,ojqn
跟我学Nginx+Lua开发 PDF 下载,http://pan.baidu.com/s/1eSb8h6E,3ced
企业服务总线（Mule ESB）的研究与实现 PDF 下载,http://pan.baidu.com/s/1b9pZ6Q,9iqt
JNI程序员指南与规范 PDF 下载,http://pan.baidu.com/s/1miomVeo,4z1y
阿里巴巴集团开发规约（正式版）PDF 下载,http://pan.baidu.com/s/1slbl2eL,uh0b
JDK1.9 API CHM 下载,http://pan.baidu.com/s/1pKAliOV,g2gr
JDK 1.8 中文 API CHM 下载,http://pan.baidu.com/s/1pLJUO2Z,1y9s
WEB打印控件Lodop技术手册 DOC 下载,http://pan.baidu.com/s/1sl6Zxl7,8rcz
京东技术 精选集 PDF 下载,http://pan.baidu.com/s/1geHmWZD,evzf
ETL工具Kettle用户手册 PDF 下载,http://pan.baidu.com/s/1nuGuHC1,owu1
Gemfire8.2文档 PDF 下载,http://pan.baidu.com/s/1mhZt5dm,hj4r
完整的利用itext5、zxing、QRCore制作pdf、二维码图片,http://pan.baidu.com/s/1c1KGJFM,tkn5
thymeleaf_3.0.5_中文参考手册 PDF 下载,http://pan.baidu.com/s/1dEOIuPF,y1lz
JVM Specification_CN PDF 下载,http://pan.baidu.com/s/1boT6cMz,qgkp
Introduction to Programming Using Java PDF 下载,http://pan.baidu.com/s/1dFkwVa5,fh1k
Java 并发工具包 java.util.concurrent用户指南 PDF 下载,http://pan.baidu.com/s/1pLhuFbH,c831
AUDIO CODEC DAPM PDF 下载,http://pan.baidu.com/s/1eRWNJoA,se5v
Logback用户手册中文版 PDF 下载,http://pan.baidu.com/s/1hsH0JaO,pq1z
vuex文档 PDF 下载,http://pan.baidu.com/s/1bpAj3Fx,r01z
Functional-Specification PDF 下载,http://pan.baidu.com/s/1boR4fnx,ga1p
AOSP_Kernel_Overview PDF 下载,http://pan.baidu.com/s/1miFqG9i,si36
cassandra javaDriver21 PDF 下载,http://pan.baidu.com/s/1c1YnBOW,fab9
Nginx+常见应用技术指南[Nginx++Tips]+第二版 PDF 下载,http://pan.baidu.com/s/1nv0v1hB,dkda
34张史上最全IT架构师技术知识图谱 打包下载,http://pan.baidu.com/s/1hssxZbY,jdro
BPMN2.0标准规范(11-01-03) PDF 下载,http://pan.baidu.com/s/1miQLMv2,wgfw
Jersey 2.22用户指南 PDF 下载,http://pan.baidu.com/s/1qXXiXbA,ogej
Ice-3.4.0开发手册中文版 PDF 下载,http://pan.baidu.com/s/1gfKQn6r,m8f1
The Bouncy Castle FIPS Java API PDF 下载,http://pan.baidu.com/s/1hs27vog,xez4
idea使用教程2017 PDF 下载,http://pan.baidu.com/s/1bpm22tT,uw5h
Thymeleaf3.0中文翻译文档 PDF 下载,http://pan.baidu.com/s/1eROFKhO,us8v
rocketMQ使用手册 PDF 下载,http://pan.baidu.com/s/1kUWDedD,pti7
fastjson-1.1.26-API文档 CHM 下载,http://pan.baidu.com/s/1eSfAGim,9snj
rxjava中文文档 PDF 下载,http://pan.baidu.com/s/1c2EkDDe,hf7q
GreenPlum_详细培训教程 PDF 下载,http://pan.baidu.com/s/1eS1ViRC,d22d
MHA安装及切换实验 PDF 下载,http://pan.baidu.com/s/1sl7EzP7,gt7p
about face4中文版 PDF 下载,http://pan.baidu.com/s/1o8LrHYM,cmo4
jsoup中文文档 PDF 下载,http://pan.baidu.com/s/1nvbY553,xjny
Java NIO教程 PDF 下载,http://pan.baidu.com/s/1dFB0LTv,dakm
UML for Java Programmers PDF 下载,http://pan.baidu.com/s/1i4LlFUl,fzoo
Loadrunner Controller 中文手册 PDF 下载,http://pan.baidu.com/s/1hsciGL2,mqo6
Flume 1.3开发指南 PDF 下载,http://pan.baidu.com/s/1jIce6Rc,90mf
sonar的使用 PPT 下载,http://pan.baidu.com/s/1o8unqkU,qwht
pivotal gemfire 91 PDF 下载,http://pan.baidu.com/s/1mhS6VWk,gxyb
HP LoadRunner_12.00_User_zh PDF 下载,http://pan.baidu.com/s/1dEMF9Ah,sekt
Docx4j入门 PDF 下载,http://pan.baidu.com/s/1kUCtSmN,sjv9
TestNG官方文档中文版 PDF 下载,http://pan.baidu.com/s/1nvxCYPb,dtus
FileMaker_basic中文基础教程_9.0 PDF 下载,http://pan.baidu.com/s/1qYfpUhe,03ut
CleanCodeHandbook_v1.0.3 PDF 下载,http://pan.baidu.com/s/1o7NISeY,1yqu
linux yum安装mysql PDF 下载,http://pan.baidu.com/s/1eRDPPBk,0ldd
salesforce soql sosl技术文档 PDF 下载,http://pan.baidu.com/s/1nu97Jst,m3m1
leetcode solutions PDF 下载,http://pan.baidu.com/s/1dFitYzZ,ee40
openmax il spec 1.0 PDF 下载,http://pan.baidu.com/s/1pKVOsRp,hytl
OpenMAX AL 1.1 Specification PDF 下载,http://pan.baidu.com/s/1qY5EcDe,khzs
Eclipes使用技巧 PPT 下载,http://pan.baidu.com/s/1boBnXKz,92s0
REST Client 自动化测试 RESTful API PDF 下载,http://pan.baidu.com/s/1sliBgWd,qpf6
各种消息队列对比 PDF 下载,http://pan.baidu.com/s/1gfd5Utt,pp13
Wisdom-Tool-REST-Client PDF 下载,http://pan.baidu.com/s/1o8dr0eu,q9do
【预研】Google Play In-app Billing-v3 PDF 下载,http://pan.baidu.com/s/1gfKPfgf,zger
leaning pinpoint PDF 下载,http://pan.baidu.com/s/1boOeNQB,tvby
80-NK847-1_CAMERA SNAPSHOT UPSCALE PORTING PDF 下载,http://pan.baidu.com/s/1jIqWLP8,vxir
solr使用指南 PDF 下载,http://pan.baidu.com/s/1eS1ooLk,jxi1
javascript-promise-book PDF 下载,http://pan.baidu.com/s/1dEOGGI9,w6ev
Microservices at Mobike-范文通 PDF 下载,http://pan.baidu.com/s/1bzekTS,64p1
Java之Collection总结 PDF 下载,http://pan.baidu.com/s/1eRUJTPg,mc40
kotlin in chinese PDF 下载,http://pan.baidu.com/s/1nu6jpjV,ctpc
How to build OTA Package PDF 下载,http://pan.baidu.com/s/1hsP6x04,nxem
neo4j-developer-manual-3.2 PDF 下载,http://pan.baidu.com/s/1i47Dhjv,lofl
Groovy_in_Action PDF 下载,http://pan.baidu.com/s/1jIkk7x8,intj
FusionCharts产品手册 PDF 下载,http://pan.baidu.com/s/1geHQxfP,ljuo
OReilly.Java.Security 2nd Edition PDF 下载,http://pan.baidu.com/s/1qXNDy1Y,orkx
基于J2EE的商业银行分期付款系统设计与实现 PD,http://pan.baidu.com/s/1bpiwBEJ,s03n
Linux + Oracle 11g R2 RAC 安装配置详细过程V2.0（图文,http://pan.baidu.com/s/1nuPf0cp,fnso
Gradle User Guide V4 PDF 下载,http://pan.baidu.com/s/1c1BQ4vA,gwxb
ReactiveXRxJava文档中文版 rxdocs PDF 下载,http://pan.baidu.com/s/1i53OTSx,6h8t
高性能Java系统实现与调优 PDF 下载,http://pan.baidu.com/s/1c2ISmNe,lp93
Netty核心概念 PDF 下载,http://pan.baidu.com/s/1eSd6Fce,3z7t
Stream应用开发指南 PDF 下载,http://pan.baidu.com/s/1pLwRcpl,peor
jedis实用指南 PDF 下载,http://pan.baidu.com/s/1gfGenoZ,spc4
Mule3.6 Expression Language PDF 下载,http://pan.baidu.com/s/1mhErJde,m6t6
CMake中文手册 PDF 下载,http://pan.baidu.com/s/1c2tP23A,lgxs
编码的本质和乱码的恢复 PDF 下载,http://pan.baidu.com/s/1c2xTnIK,i6a0
layer分页 PDF 下载,http://pan.baidu.com/s/1kVbum1L,lgqh
性能测试诊断分析与优化 PDF 下载,http://pan.baidu.com/s/1slntsvz,5oh1
Java Integer的缓存特性 PDF 下载,http://pan.baidu.com/s/1miidF2g,7rzs
java8新特性 PDF 下载,http://pan.baidu.com/s/1kUNNgtp,x7ck
关于java使用jacob将word 转pdf PDF 下载,http://pan.baidu.com/s/1mi5Kkf2,xt1x
JAX-WS使用教程 PDF 下载,http://pan.baidu.com/s/1nvzC8ml,riz4
idea使用教程 PDF 下载,http://pan.baidu.com/s/1c2gYgta,p3j8
GitHub-使用手册---基础篇 PDF 下载,http://pan.baidu.com/s/1pKRcAxX,ggn3
Geliang_单元测试模式与重构v1.1 PDF 下载,http://pan.baidu.com/s/1kVebglp,ngja
Hybris Platform Installation Guide PDF 下载,http://pan.baidu.com/s/1gfP6t6j,s1zk
商业智能(BI)应用方案(制造业) PDF 下载,http://pan.baidu.com/s/1hsKe8zq,np8s
drools语法介绍 PDF 下载,http://pan.baidu.com/s/1o7IqfRO,8dti
IntelliJ IDEA 使用教程 - v1.0 PDF 下载,http://pan.baidu.com/s/1c2d9kmk,rr3i
GUN_make中文手册 PDF 下载,http://pan.baidu.com/s/1c2d9hmw,0thg
webmagic爬虫 PDF 下载,http://pan.baidu.com/s/1eRHks74,lb05
ApachePOIHSSFandXSSF快速指南帮助文档APIpoi-3.15 PDF 下,http://pan.baidu.com/s/1qXPDsJU,4psk
SVN命令使用手册 PDF 下载,http://pan.baidu.com/s/1mh8k28o,19ml
java垃圾回收以及jvm参数调优概述 PDF 下载,http://pan.baidu.com/s/1slCuk8H,eb4c
Lua 5.3 手册 PDF 下载,http://pan.baidu.com/s/1hrSBpas,ilh8
Computer Graphics From Pixels to Programmable Graphics Hardw,http://pan.baidu.com/s/1c1808rI,qgye
PDF组件iText PDF 下载,http://pan.baidu.com/s/1nuB5Ulz,dcod
共享Java项目到码云和实现Eclipse关联码云Java项目,http://pan.baidu.com/s/1pLc6nZ9,8k12
推荐5个强大的Java分布式缓存框架 DOC 下载,http://pan.baidu.com/s/1c2AI9fM,v300
基于Word2vec的文档分类 PDF 下载,http://pan.baidu.com/s/1dFiWlO1,4893
Java_HotSpot虚拟机的内存管理 PDF 下载,http://pan.baidu.com/s/1skCd7Ed,ev6q
Dynamic Power Management_ Design Techniques and CAD Tools PD,http://pan.baidu.com/s/1i57k0K1,k8d0
信息学奥赛——算法教程 PDF 下载,http://pan.baidu.com/s/1gfmpGVD,c4sq
图像处理--金字塔算法 PDF 下载,http://pan.baidu.com/s/1geWGABp,4rj4
算法导论试题及答案 下载,http://pan.baidu.com/s/1skPAFBR,8fu5
git基础教程 PDF 下载,http://pan.baidu.com/s/1o8e9TDS,4uiw
经典SQL语句大全(绝对的经典)适用SQL Sever PDF 下载,http://pan.baidu.com/s/1i5srq6p,4rfg
轿车进销存管理系统数据库的设计与实现 DOC 下载,http://pan.baidu.com/s/1bptjxuB,71ci
ActiveMQ中文教程参考手册 PDF 下载,http://pan.baidu.com/s/1kVJrzRx,5w3d
中控指纹JAVA JS调用说明文档 PDF 下载,http://pan.baidu.com/s/1jHApNlc,lqga
Openfire环境搭建说明 DOC 下载,http://pan.baidu.com/s/1jHU897o,4w7m
JSON 中文版 - v1.0 PDF 下载,http://pan.baidu.com/s/1pL8tQH1,0sbp
lintcodebook-java PDF 下载,http://pan.baidu.com/s/1eRUG4No,wcte
rocketmq开发指南 PDF 下载,http://pan.baidu.com/s/1pLsKLib,yyaj
oracle 10gr2RAC安装详细文档-郝晓宇 PDF 下载,http://pan.baidu.com/s/1pKKoUXP,jew2
install oracle8i for linux4.7 PDF 下载,http://pan.baidu.com/s/1nvFj8mP,1rm6
Linux el6.5 install RAC+DB 11204 best pratice DOC 下载,http://pan.baidu.com/s/1cvnkV8,v3lm
Linux 部署安装 Oracle 11g R2手册 DOC 下载,http://pan.baidu.com/s/1c2rfsWC,oduf
LoadRunner入门教程11.0版本 PDF 下载,http://pan.baidu.com/s/1jHQ4ByA,ynko
SAPUI5-Training PPT 下载,http://pan.baidu.com/s/1eS48hJc,udlv
IntelliJ快捷键 xls 下载,http://pan.baidu.com/s/1kUB9r5X,h0j1
用java的nio技术实现的异步连接池 PDF 下载,http://pan.baidu.com/s/1eSoZevS,witp
SVN详细配置和使用 DOC 下载,http://pan.baidu.com/s/1o8UGjcm,hagn
ARM ELF File PDF 下载,http://pan.baidu.com/s/1geZxSRp,q3n0
IHI0036B_bsabi-The Base Standard of Application Binary Inter,http://pan.baidu.com/s/1o8sMung,dhf1
Making Facebook faster Frontend performance engineering PPT,http://pan.baidu.com/s/1nvr23ln,mi36
Intellij IDEA2017入门教程 PDF 下载,http://pan.baidu.com/s/1i4TTX1V,bur4
Processing-中文开发教程 PDF 下载,http://pan.baidu.com/s/1pLTrUpt,rzmj
支付宝架构与技术 PDF 下载,http://pan.baidu.com/s/1c1Scc7I,s79w
Flume1.7.0用户指南 DOC 下载,http://pan.baidu.com/s/1o7B2FGY,9p5o
MyEclipse集成svn操作指南 PDF 下载,http://pan.baidu.com/s/1c16xvdY,3uht
Kotlin Language Documentation PDF 下载,http://pan.baidu.com/s/1kV3H22z,rhjy
kotlin学习教程 PDF 下载,http://pan.baidu.com/s/1i5C9dbv,2pie
开发自己的搜索引擎Lucene2.0+Heritrix DOC 下载,http://pan.baidu.com/s/1c207zTu,gfxe
Kafka文件存储机制那些事 PDF 下载,http://pan.baidu.com/s/1dF6BaOL,0poz
Java语言规范_第9版 PDF 下载,http://pan.baidu.com/s/1kV3GWyN,i2qy
Java虚拟机规范_第9版 PDF 下载,http://pan.baidu.com/s/1o7XMJiE,eg7e
CentOS7.3环境下Oracle安装手册 PDF 下载,http://pan.baidu.com/s/1c1Fkg16,c653
Practice Your Java Level 1 PDF 下载,http://pan.baidu.com/s/1hrHJI1e,bqkz
Vertica_8.0.x_Complete_Documentation PDF 下载,http://pan.baidu.com/s/1o8jXFzs,80l9
High Performance SQL Server PDF 下载,http://pan.baidu.com/s/1jIA4lEm,ez0d
使用Express与MongoDB 搭建多人博客 PDF 下载,http://pan.baidu.com/s/1miTwNhe,2jbx
一位程序员工作10年总结了这些忠告 PDF 下载,http://pan.baidu.com/s/1miHRr6K,zb53
jira实战零基础从入门到精通 DOC 下载,http://pan.baidu.com/s/1kUFBkgv,gxt0
基于Socket网络通信协议的应用研究(最终修改) D,http://pan.baidu.com/s/1dF5Ulbj,xdkn
IntelliJ IDEA 分享 PDF 下载,http://pan.baidu.com/s/1i44PSOH,lt7e
Linux常用命令详解 PDF 下载,http://pan.baidu.com/s/1ge2SbdT,tfpi
JVM性能调优监控工具详解 PDF 下载,http://pan.baidu.com/s/1jIzDZW6,80h5
Bosent入门培训手册(后台部分) DOC 下载,http://pan.baidu.com/s/1dFoYVRz,egot
JavvEE5 api 文档下载,http://pan.baidu.com/s/1c28DEOK,kti4
WebRTC - APIs and RTCWEB Protocols of the HTML5 Real-Time We,http://pan.baidu.com/s/1i4RPQFb,qdxh
NDK从入门到精通 PDF 下载,http://pan.baidu.com/s/1mi8xfkc,fdou
Java编程：常见问题汇总 doc下载,http://pan.baidu.com/s/1i46ljUl,6wlz
linux从入门到精通(第2版)  PDF下载,http://pan.baidu.com/s/1dFzNV7z,bxke
UEMP IFA Figure Guidelines PDF 下载,http://pan.baidu.com/s/1nvqehXB,kyh8
Elements of Programming Interviews in Java  2nd Edition 2015,http://pan.baidu.com/s/1eStapWm,i9js
ActiveMQ中文手册 PDF 下载,http://pan.baidu.com/s/1i5BkPrJ,nchg
Netty实现原理浅析 PDF 下载,http://pan.baidu.com/s/1pKIjQt1,fz8t
MALK：一种高效处理大规模键值的MapReduce框架 PD,http://pan.baidu.com/s/1pLCuy2R,6bnt
多核处理器目录缓存结构设计 PDF 下载,http://pan.baidu.com/s/1cKm09o,brbh
OSGi and Equinox：Creating Highly Modular Java Systems PDF 下,http://pan.baidu.com/s/1qYrt0mw,9wcv
UI与交互设计 PDF 下载,http://pan.baidu.com/s/1pL4SGfp,ei1d
编译系统透视：图解编译原理 PDF 下载,http://pan.baidu.com/s/1jIIAcEa,y0kc
API权限控制与安全管理 DOC 下载,http://pan.baidu.com/s/1dFBYvKl,fq0v
JMeter基础教程 PDF 下载,http://pan.baidu.com/s/1o838xr8,7b9h
MATERIAL DESIGN 超详细指南教程 PDF 下载,http://pan.baidu.com/s/1ge2k3qb,9iyk
手把手教你学JavaEE(Ajax&amp;Struts2&amp;Spring&amp;Hibernate) PDF,http://pan.baidu.com/s/1dFGbQzn,ardd
Drools7.0beta文档 PDF 下载,http://pan.baidu.com/s/1eS44yVw,6hdu
JVM系统性能优化 PDF 下载,http://pan.baidu.com/s/1o77vGqI,9wr4
Appium 服务关键字 PDF 下载,http://pan.baidu.com/s/1nv3Agpb,p7u5
Learning to Rank for Information Retrieval and Natural Langu,http://pan.baidu.com/s/1eRPSJJG,cvyc
Java 8并发工具包漫游指南 PDF 下载,http://pan.baidu.com/s/1i5r6VNf,wesu
Java实训题库整理 DOC 下载,http://pan.baidu.com/s/1i5t8B6t,metz
EHCache技术文档详解 DOC 下载,http://pan.baidu.com/s/1qYe1lFI,powv
应用Shiro到Web Application DOC 下载,http://pan.baidu.com/s/1i4HESnz,lvjr
RESTLET IN ACTION(中文版) DOC 下载,http://pan.baidu.com/s/1hrKyF7Q,kv2o
HP、IBM、SUN小型机维护指导书 PDF 下载,http://pan.baidu.com/s/1eSabQee,z41b
京东大规模高访问量业务下的技术及架构支撑,http://pan.baidu.com/s/1i5OG345,kxqo
分布式消息引擎Apache RocketMQ最佳实践 PDF 下载,http://pan.baidu.com/s/1kVdpflP,ihhz
基于Java容器的多应用部署技术实践 PDF 下载,http://pan.baidu.com/s/1c12pCgK,l6av
卡雷尔机器人学Java(中文) PDF 下载,http://pan.baidu.com/s/1qYyJ5Qs,zllx
Eclips使用秘技(绝对经典) DOC 下载,http://pan.baidu.com/s/1eSxIaye,rr9u
深入浅出ES6 PDF 下载,http://pan.baidu.com/s/1o7IkiLk,2u6b
repository management with nexus PDF 下载,http://pan.baidu.com/s/1nuF4ps9,uf5z
java工程师实例参考手册（廖清远） PDF 下载,http://pan.baidu.com/s/1cMS0Nk,e1lx
Maven By Example PDF 下载,http://pan.baidu.com/s/1hs1b4LA,79wx
Small：插件化轻巧之道 PDF 下载,http://pan.baidu.com/s/1hrNLCw8,k0y7
eclipse SVN学习手册 DOC 下载,http://pan.baidu.com/s/1eRWCZ1g,uee5
Kettle实用学习文档 DOC 下载,http://pan.baidu.com/s/1kVjtX9X,kn36
MySQL卸载手册 PDF 下载,http://pan.baidu.com/s/1bE4iho,6o2j
RocketMQ用户指南 PDF 下载,http://pan.baidu.com/s/1milZIhM,x56a
Portal技术红皮书 PDF 下载,http://pan.baidu.com/s/1mimF7ug,vqvd
Portal技术标准简介 DOC 下载,http://pan.baidu.com/s/1gfspxTL,k4je
系统吞吐量（TPS）、用户并发量、性能测试概念,http://pan.baidu.com/s/1boHPIr1,dkp3
Foundations of Python Network Programming, 3rd Edition PDF 下,http://pan.baidu.com/s/1qYm7iEC,pcak
jfinal-3.0-manual PDF 下载,http://pan.baidu.com/s/1nuVIoPV,2329
项目设计方案模版 DOC 下载,http://pan.baidu.com/s/1qYi3fKK,63om
《Java虚拟机基础》PDF 下载,http://pan.baidu.com/s/1o8Ar6eY,0u46
<font color='#FF0000'>《Java23种设计模式(总结)》PDF 下载</font>,http://pan.baidu.com/s/1miNmNNy,drkq
HtmlParser提取网页信息的设计与实现 PDF 下载,http://pan.baidu.com/s/1eSsWPNW,l11u
JAVA性能调优--内存管理 PPT 下载,http://pan.baidu.com/s/1jII7d1k,2oa7
SVN入门及配置使用 DOC 下载,http://pan.baidu.com/s/1qYk4JZQ,5y3q
多线程并发编程在Netty中的应用分析 PDF 下载,http://pan.baidu.com/s/1nuNAtQh,31te
The Java Native Interface Programmer’s Guide and Specificat,http://pan.baidu.com/s/1slyFQMh,0g9q
The Java Virtual Machine Specification Java SE 8 Edition PDF,http://pan.baidu.com/s/1qY2LGba,q9fd
使用Jmeter进行性能测试 PDF 下载,http://pan.baidu.com/s/1cf7694,7uyi
LegendShop B2B2C宣讲资料 PDF 下载,http://pan.baidu.com/s/1nvHeLxZ,8ahl
XPath Tutorial CHM 下载,http://pan.baidu.com/s/1gfuqjZl,ed5q
coding interview solution manual PDF 下载,http://pan.baidu.com/s/1jInyuay,8iev
深入浅出_Java并发工具包原理讲解 PDF 下载,http://pan.baidu.com/s/1nuGiqj3,31gh
JAPPT用户手册 DOC 下载,http://pan.baidu.com/s/1c12TouG,ej4a
Groovy快速入门 PDF 下载,http://pan.baidu.com/s/1dEBEBPv,p5lq
京东核心技术详解 PDF 下载,http://pan.baidu.com/s/1dFqpVSt,u1iw
金字塔原理 PDF 下载,http://pan.baidu.com/s/1nuL72Xj,ig27
双11电子书_不一样的技术创新_完整版 PDF 下载,http://pan.baidu.com/s/1jHF7TGy,w22m
Nexus私服使Maven PDF 下载,http://pan.baidu.com/s/1kV2oLgV,8um5
30种java技术框架-方案架构图汇总 PDF 下载,http://pan.baidu.com/s/1gfBQlKf,02xy
nginx-tomcat整合实现JAVA程序负载均衡 DOC 下载,http://pan.baidu.com/s/1jINprJg,3xr8
PICT用户手册中文版 PDF 下载,http://pan.baidu.com/s/1pLg1DbH,0i9q
GEF开发指南 PDF 下载,http://pan.baidu.com/s/1jIv4SeU,l13r
Mastering Ionic 2 The Definitive Guide PDF 下载,http://pan.baidu.com/s/1c29oanY,qwg0
FastDFS教程（完整版）DOC 下载,http://pan.baidu.com/s/1jIJQRsU,klr4
memory management in the java whitepaper PDF 下载,http://pan.baidu.com/s/1qYxtPgC,p4n4
Spring 5 新功能：功能性 Web 框架 PDF 下载,http://pan.baidu.com/s/1qY3yLY0,qm4h
阿里巴巴Java开发手册（公开版）PDF 下载,http://pan.baidu.com/s/1dFEA6cT,kqj4
FireWorkflow工作原理,设计与应用 DOC 下载,http://pan.baidu.com/s/1kUWyXKj,hnr7
DOS命令大全(完整版) PDF 下载,http://pan.baidu.com/s/1pLGXUIn,mzzk
prestoDB在京东的应用实践-V5.0 PDF 下载,http://pan.baidu.com/s/1nuSqUfv,w5om
乐视秒杀：每秒十万笔交易的数据架构解读 PDF,http://pan.baidu.com/s/1o8awoYI,qpb8
深入浅出taglib PDF 下载,http://pan.baidu.com/s/1bQBqB8,wgo0
Apache MINA 2.0.16 API CHM 下载,http://pan.baidu.com/s/1qYIr5AO,ub66
Karel the Robot Learns Java  PDF 下载,http://pan.baidu.com/s/1geD9PSZ,605o
MIPI Alliance Standard for Display Serial Interface (DSI) PD,http://pan.baidu.com/s/1nv126qH,zw5r
数学之美与浪潮之巅 PDF 下载,http://pan.baidu.com/s/1jIfnBhk,vqbh
Enterprise OSGi in Action PDF 下载,http://pan.baidu.com/s/1gfyW0q3,9jy7
Ehcache 整合Spring 使用页面、对象缓存 PDF 下载,http://pan.baidu.com/s/1nvk6PXB,0gkk
疯狂JAVA讲义第三版课后习题答案) PDF 下载,http://pan.baidu.com/s/1cEFqqy,e41v
Eclipse-UML插件介绍、安装及使用 PDF 下载,http://pan.baidu.com/s/1hsNqtV2,vvti
Oracle Java EE 实训教材系列 PDF 下载,http://pan.baidu.com/s/1skOdE1J,so87
Knockout应用开发指南 PDF 下载,http://pan.baidu.com/s/1i5nws53,gr6h
《POI中文帮助文档》PDF 下载,http://pan.baidu.com/s/1slnfZe1,3l3m
jPOS Programmer's Guide PDF 下载,http://pan.baidu.com/s/1boTVCz9,t8kr
java发送短信验证码 DOC 下载,http://pan.baidu.com/s/1kVQ7Daf,66ja
Eclipse4-RCP-Tutorial PDF 下载,http://pan.baidu.com/s/1gfmejU7,mkoo
jfinal-2.2-manual中文手册 PDF 下载,http://pan.baidu.com/s/1hs7aMs0,g3w9
Selenium私房菜（新手入门教程） PDF 下载,http://pan.baidu.com/s/1kUUvbWr,abbu
Netty案例集锦 PDF 下载,http://pan.baidu.com/s/1dFcEDhB,dreq
24种设计模式介绍与6大设计原则 PDF 下载,http://pan.baidu.com/s/1mixzaGw,69dp
大数据 常雷-新一代数据仓库：Apache HAWQ PDF 下载,https://pan.baidu.com/s/1dG22OZB,34q3
big data computational intelligence networking PDF 下载,https://pan.baidu.com/s/1mkgjNss,8pwt
Hadoop Explained PDF 下载,https://pan.baidu.com/s/1dCHQVk,cd44
基于Storm的美团实时计算应用实践 PDF 下载,https://pan.baidu.com/s/1eUfFVj0,ecyf
大数据Hadoop与Spark技术应用实践 PDF 下载,https://pan.baidu.com/s/1mj18feK,5dvt
Hadoop大数据平台安全问题和解决方案的综述 PDF,https://pan.baidu.com/s/1mj9F1wO,ql9w
Spock Up and Running PDF 下载,https://pan.baidu.com/s/1qZXTm6w,xwfh
Research Advances in Cloud Computing PDF 下载,https://pan.baidu.com/s/1smcuDa9,935x
big data analytics tools technology PDF 下载,https://pan.baidu.com/s/1jKgSSp4,isfc
Spark实战高手之路 PDF 下载,https://pan.baidu.com/s/1ggsnYoV,1mlz
基于容器的微服务架构实践－陈爱珍 PDF 下载,https://pan.baidu.com/s/1ggwr3yj,mdcq
大数据实时处理架构实践 PDF 下载,https://pan.baidu.com/s/1boSWGkn,5k2v
基于私有云的大数据运维实践 PDF 下载,https://pan.baidu.com/s/1ca02ce,vjvz
Fabric v1.0 多节点集群的部署 PDF 下载,https://pan.baidu.com/s/1c9CrQe,6149
haproxy架构指南（中文翻译版）PDF 下载,https://pan.baidu.com/s/1mi02Zhe,x5is
基于Dubbo框架的秒杀系统设计与实现_丁赛 PDF 下载,https://pan.baidu.com/s/1miiROnu,nymg
分布式服务Grpc交流 PDF 下载,http://pan.baidu.com/s/1c2GqChi,rmkn
MongoDB Spark - Mongo首席技術架構師唐建法 PDF 下载,http://pan.baidu.com/s/1dFpkdR7,lz0m
使用Apache Spark将数据写入ElasticSearch PDF 下载,http://pan.baidu.com/s/1boOjxRD,6xge
Fast Data Processing with Spark 2, 3rd Edition PDF 下载,http://pan.baidu.com/s/1o8KFqjS,eo3n
zookeeper 使用指导 PDF 下载,http://pan.baidu.com/s/1pK8l1f9,pbqh
HDFS-High-Availability PDF 下载,http://pan.baidu.com/s/1nvHrtNj,herc
分布式文件系统FastDFS架构剖析及配置优化 PDF 下,http://pan.baidu.com/s/1hslDz6k,6gym
ZooKeeper入门简介及配置使用 PDF 下载,http://pan.baidu.com/s/1qYWecpu,3wdl
Dubbo入门搭建zookeeper集群+服务端消费端 源码下载,http://pan.baidu.com/s/1cbFFT8,dhmq
Spring Cloud &amp; SaaS 实战经验分享 PDF 下载,http://pan.baidu.com/s/1i5qZYG9,qxbn
基于Spring_Batch的大数据量并行处理 PDF 下载,http://pan.baidu.com/s/1i5d20Ot,o3ze
ApacheCN - Apache Spark 2.0.2 中文文档 - v0.1.0 PDF 下载,http://pan.baidu.com/s/1slJhRit,iuvv
解析SOA架构与相关技术 PDF 下载,http://pan.baidu.com/s/1bpzVmc3,3ojc
MapReduce技术流程介绍 PPT 下载,http://pan.baidu.com/s/1kVE7BnT,glob
基于ZooKeeper的分布式Session实现 PDF 下载,http://pan.baidu.com/s/1sl2P4jb,27ry
NoSQLt在大数据时代的应用 PDF 下载,http://pan.baidu.com/s/1eRG22aQ,dotp
物联网与大数据的关系 PDF 下载,http://pan.baidu.com/s/1hrHJaXu,85y4
Make the cloud work for you PDF 下载,http://pan.baidu.com/s/1boFRjl1,lgo8
FastDFS分布式存储实战 PDF 下载,http://pan.baidu.com/s/1mioK3lI,b60q
fastdfs单节点安装手册 PDF 下载,http://pan.baidu.com/s/1o8bjlV0,c6mh
百度hadoop计算技术发展 PDF 下载,http://pan.baidu.com/s/1hs1dLly,74qk
dubbo初学者教学 DOC 下载,http://pan.baidu.com/s/1jHZpzi2,wvdn
大数据分析平台技术及IBM解决方案 PDF 下载,http://pan.baidu.com/s/1hrVpw12,282c
Hadoop databases: Hive, Impala, Spark, Presto PPT 下载,http://pan.baidu.com/s/1miPXGFY,p4et
ZooKeeper管理员指南 PDF 下载,http://pan.baidu.com/s/1mibS81i,i2ul
zookeeper常见应用场景简单实现 PPT 下载,http://pan.baidu.com/s/1bp7Y8jH,2lda
hadoop安装集群完整步骤 DOC 下载,http://pan.baidu.com/s/1pL79XgR,8gd8
redis及集群的搭建 DOC 下载,http://pan.baidu.com/s/1slRiGgt,uewq
Spark大数据案例分析和介绍 PPT 下载,http://pan.baidu.com/s/1c2L34AW,n1b2
Hadoop存储与计算分离实践 PDF 下载,http://pan.baidu.com/s/1jI4uUxC,xxua
阿里双十一大数据计算平台 PDF 下载,http://pan.baidu.com/s/1pL34Po3,bvkm
hive函数大全 PDF 下载,http://pan.baidu.com/s/1mia4gVe,osja
Machine Learning with Spark PDF 下载,http://pan.baidu.com/s/1geEVFLD,5502
Next Generation Databases PDF 下载,https://pan.baidu.com/s/1kWdo2b1,yosp
分布式数据库DRDS PDF 下载,https://pan.baidu.com/s/1jJkbQtS,l2om
<b>《MYSQL 5.5从零开始学》PDF 下载</b>,https://pan.baidu.com/s/1gfRlheV,v4wf
Oracle Database 2 Day Developer's Guide PDF 下载,https://pan.baidu.com/s/1htp56hY,14o1
Postges-x2分布式数据库的介绍 PDF 下载,https://pan.baidu.com/s/1htUhfko,dnh3
Redis Applied Design Patterns PDF 下载,https://pan.baidu.com/s/1raidVje,zpoa
基于Zookeeper+MHA的mysql高可用架构设计 PDF 下载,https://pan.baidu.com/s/1c3mVLPe,ujft
<font color='#FF0000'>《SQL学习指南(第2版)》PDF 下载</font>,https://pan.baidu.com/s/1ral1Dow,23ja
MySQL 8.0 参考手册（英文）PDF 下载,https://pan.baidu.com/s/1dG9os3R,oyb0
<b><font color='#FF0000'>《Oracle 11g 从入门到精通》PDF 下载</font></b>,https://pan.baidu.com/s/1c3uxqvQ,yons
GBase 8a MPP Cluster管理员手册 PDF 下载,https://pan.baidu.com/s/1brhOoj1,witp
数据库应用技术 PDF 下载,https://pan.baidu.com/s/1smexE4d,j4ou
Big network analytics based on nonconvex optimization PDF 下载,https://pan.baidu.com/s/1i6kdD0h,05a4
OrientDB Manual PDF 下载,https://pan.baidu.com/s/1ghdCp3d,03kq
Enterprise DBA Part 1A Architecture and Administration PDF 下,https://pan.baidu.com/s/1mjM7fLY,pelf
Geospatial Data Science Techniques and Applications PDF 下载,https://pan.baidu.com/s/1nwmDpdJ,j02p
SQL语法总结 PDF 下载,https://pan.baidu.com/s/1oAedSpG,61w1
<b>《深入剖析Tomcat》PDF 下载</b>,https://pan.baidu.com/s/1bqKh6wf,7pxv
<b>《Oracle从入门到精通》PDF 下载</b>,https://pan.baidu.com/s/1cODa2a,efhb
<b><font color='#FF0000'>《MySQL技术内幕:InnoDB存储引擎》PDF 下载</font></b>,https://pan.baidu.com/s/1sm4LQB7,1vtm
Teradata SQL Functions, Operators PDF 下载,https://pan.baidu.com/s/1eUhbUTG,zmbb
MySQL主要技术原理和常见高可用架构 PDF 下载,https://pan.baidu.com/s/1i6iH1oL,xkv2
<b><font color='#FF0000'>《临危不惧：Oracle 11g数据库恢复技术》PDF 下载</font></b>,https://pan.baidu.com/s/1jJ9JFBg,kk6g
捷豹数据库用户手册 PDF 下载,https://pan.baidu.com/s/1smxuggP,qah2
mysql workbench使用方法 PDF 下载,https://pan.baidu.com/s/1dGOMTDR,4w7c
<b>《MongoDB权威指南第二版》(原版)PDF 下载</b>,https://pan.baidu.com/s/1pLXFJPx,xjn0
高级owi与oracle性能调整 PDF 下载,https://pan.baidu.com/s/1kWE1mdT,7k01
Postgres-XL使用说明文档 DOC 下载,https://pan.baidu.com/s/1c2YHZcW,i820
OODB vs Serialization PDF 下载,https://pan.baidu.com/s/1pNmiZyz,avsb
DB2 for IBM i SQL Stored Procedures PDF 下载,https://pan.baidu.com/s/1smliJz3,a9bb
The Art of SQL PDF 下载,https://pan.baidu.com/s/1c3UotrU,d8yo
MongoDB Operations Best Practices PDF 下载,https://pan.baidu.com/s/1cQEsjk,tw0w
Packt Mastering PostgreSQL 9.6 PDF 下载,https://pan.baidu.com/s/1qZZpu0k,myx5
Oracle Essbase PDF 下载,https://pan.baidu.com/s/1c3zLXgW,5iho
Oracle Data Provider for .Net Developer's Guide PDF 下载,https://pan.baidu.com/s/1c4fJwha,a23c
The Grammar of Graphics PDF 下载,https://pan.baidu.com/s/1i7nGFDN,6k6v
<b><font color='#FF0000'>《HTML 5与CSS 3权威指南（第2版 上册）》PDF 下载</font></b>,https://pan.baidu.com/s/1dFVrHnV,7b5v
hbase手册 PDF 下载,https://pan.baidu.com/s/1pNmOtR1,w78f
<b><font color='#FF0000'>《深入浅出MySQL：数据库开发、优化与管理维护</font></b>,https://pan.baidu.com/s/1qZey4eo,x9ux
MySQL 错误代码与对应中文含义全集 PDF 下载,https://pan.baidu.com/s/1dFQ7EwD,iwu5
Beginning Oracle Database 12c Administration, 2nd PDF 下载,https://pan.baidu.com/s/1mjVZrEo,q5we
oracle性能指标详解 DOC 下载,https://pan.baidu.com/s/1ht2voPI,8lxv
SQLite Database System Design and Implementation PDF 下载,https://pan.baidu.com/s/1dd4YM6,7ylv
DB2 Best Practices Guide for Day-to-Day Database Backup and,https://pan.baidu.com/s/1miY0Bd2,ot2l
<b><font color='#FF0000'>《深入学习MongoDB》PDF 下载</font></b>,https://pan.baidu.com/s/1qZdckfM,5jhu
Data Integrator Administrator 指南 PDF 下载,https://pan.baidu.com/s/1dOlONO,tabo
Using SQLite PDF 下载,https://pan.baidu.com/s/1dZHdoi,o5r2
Oracle-RAC原理及关键技术 PDF 下载,https://pan.baidu.com/s/1nwM3xfb,d0lu
SQL Server 2008 Transact-SQL Recipes PDF 下载,https://pan.baidu.com/s/1dGCArWP,jtuf
基于JSP的MySQL数据库访问技术 PDF 下载,https://pan.baidu.com/s/1hsZo8w0,0699
下一代实时流数据处理平台介绍Apache Beam PDF 下载,https://pan.baidu.com/s/1hs8ec4k,m1al
mysql分布式平台在金融业的最佳实践 PDF 下载,https://pan.baidu.com/s/1gffFSEf,90qp
阿里巴巴数据容器化资源调试与实践 PDF 下载,https://pan.baidu.com/s/1c2cypbi,wdn6
京东弹性数据库 PDF 下载,https://pan.baidu.com/s/1c19XUJA,wulg
云端数据仓库HashData的设计与实现  PDF 下载,https://pan.baidu.com/s/1o7FJj1g,ss0p
Data Modeling And Relational Database Design PDF 下载,https://pan.baidu.com/s/1gfCPWNx,i8gs
redis说明文档 DOC 下载,https://pan.baidu.com/s/1dFq9npB,x4je
Navicat for SQL 使用教程 PDF 下载,https://pan.baidu.com/s/1gflLxdx,ju68
<b>《精通SQL Server 2008》PDF 下载</b>,https://pan.baidu.com/s/1hsALOEw,1uv2
数据驱动与组件化的运用 PDF 下载,https://pan.baidu.com/s/1bp4k3yn,rvk3
PLSQL12中文官方文档 PDF 下载,https://pan.baidu.com/s/1boXG191,xn0a
mysql-cluster安装 PDF 下载,https://pan.baidu.com/s/1sl1FUoP,rt0n
MySQL Enterprise Backup User's Guide(Version 4)PDF 下载,https://pan.baidu.com/s/1slV2gih,4wai
数据仓库建设方案(基于Informatica、oracle、SAP-BO),https://pan.baidu.com/s/1o887DfO,mfzl
MySQL压力测试经验 PDF 下载,https://pan.baidu.com/s/1boN6RSz,kjm7
SQL优化实战技巧 PDF 下载,https://pan.baidu.com/s/1geBnzdL,docv
MySQL5_Training PDF 下载,https://pan.baidu.com/s/1hrOI8q4,xllv
Redhat5 Oracle10g 操作手册 PDF 下载,https://pan.baidu.com/s/1jIAH2vk,vzqz
mybatis-plus 实践及架构原理 PDF 下载,https://pan.baidu.com/s/1ci7mLS,lcv0
安装haproxy负载均衡MySQL PDF 下载,https://pan.baidu.com/s/1jI1TIZG,xfzw
2018新版Oracle备份恢复与迁移 PDF 下载,https://pan.baidu.com/s/1slMEnAt,w01v
OracleEBS中的弹性域讲解与设置 PDF 下载,https://pan.baidu.com/s/1cc1xUm,f5op
MySQL配置读写分离功能并实践 PDF 下载,https://pan.baidu.com/s/1c793Uu,x0gw
<b><font color='#FF0000'>《精通Oracle SQL(第2版)》PDF 下载</font></b>,https://pan.baidu.com/s/1qY5eZtq,h5vr
Oracle高可用性 RAC部署方案 环境Oracle 11G R2 RAC fo,https://pan.baidu.com/s/1pLzHsIv,e45u
Goldengate参数规范 PDF 下载,https://pan.baidu.com/s/1eR7QKCi,su19
去哪儿MySQL SQL开发手册 PDF 下载,https://pan.baidu.com/s/1kUTvqWv,hfl2
centos7+mongodb 3.4 集群搭建：分片+副本集 PDF 下载,https://pan.baidu.com/s/1c17UGKC,a3ru
数据仓库（第3版）PDF 下载,https://pan.baidu.com/s/1c2ji5xQ,8y0y
Oracle SQL 优化与调优技术详解-附录：SQL提示 PDF,https://pan.baidu.com/s/1qYHVRNA,jybb
sql server 2017 integration services cookbook PDF 下载,https://pan.baidu.com/s/1hsy9xvm,lju9
Oracle Database 10g Performance Tuning Tips and Techniques P,https://pan.baidu.com/s/1eShI5hS,ox9o
Pivotal Greenplum Database V4.3 PDF 下载,https://pan.baidu.com/s/1o8MdIPW,79c9
<b><font color='#FF0000'>《构建最高可用Oracle数据库系统：Oracle 11gR2 RAC管</font></b>,https://pan.baidu.com/s/1bpuFOB1,bw3s
oracle 11g 数据库管理课堂练习II 学生指南第1册,https://pan.baidu.com/s/1skLHrHj,zxu1
<b><font color='#FF0000'>《Oracle 11g R2 DBA操作指南》PDF 下载</font></b>,https://pan.baidu.com/s/1pLIDI8j,oiob
Oracle 11g CentOS6-RAC集群搭建 PDF 下载,https://pan.baidu.com/s/1c2DAvWc,3w90
Redis宝典_基础、高级特性与性能调优 PDF 下载,https://pan.baidu.com/s/1slUKLUd,4abv
从自动化到自治数据库 - 从 Oracle 12c 到 18c 的新进,https://pan.baidu.com/s/1dE9UmbB,pyd3
The Data Model Resource Book - Revised Edition - Vol 1 PDF 下,https://pan.baidu.com/s/1i45cwVr,xx3d
The Data Model Resource Book - Revised Edition - Vol 2 s PDF,https://pan.baidu.com/s/1slPvcnF,b9s0
Informix数据库管理员手册 PDF 下载,https://pan.baidu.com/s/1qXU64HY,3aqx
Transwarp Data Hub Version 4.7 Inceptor使用手册 PDF 下载,https://pan.baidu.com/s/1bp6kNfT,8anl
<b><font color='#FF0000'>《SQL查询的艺术》PDF 下载</font></b>,https://pan.baidu.com/s/1o7CtzcQ,ibk7
Query Optimization with MySQL 5.7 and MariaDB 10 Even newer,https://pan.baidu.com/s/1o8bvLDS,x0qr
MySQL Enterprise Solutions PDF 下载,https://pan.baidu.com/s/1bpNfwsf,676j
<b><font color='#FF0000'>《Oracle VM实现与管理实战》PDF 下载</font></b>,https://pan.baidu.com/s/1qYA3EZa,cig8
MySQL hint用法解析 PDF 下载,http://pan.baidu.com/s/1pLGATQj,522k
PLSQL Developer工具的使用 PDF 下载,http://pan.baidu.com/s/1o7M2pLK,a87u
DB2 Utility Guide and Reference PDF 下载,http://pan.baidu.com/s/1eRX7PfG,8ac1
SQL_Server_on_VMware-Best_Practices_Guide PDF 下载,http://pan.baidu.com/s/1dET5YxV,pzel
Oracle E-Business Suite Financials r12-a functionality guide,http://pan.baidu.com/s/1geUNLkf,ub23
MySQL 5.5 Reference Manual PDF 下载,http://pan.baidu.com/s/1bpo8HfL,vuiw
SQL Practice Problem PDF 下载,http://pan.baidu.com/s/1b1R6F0,p9j7
Redis架构和最佳实践 PDF 下载,http://pan.baidu.com/s/1o8tBLhg,jvby
Oracle公司内部SQL培训资料 PDF 下载,http://pan.baidu.com/s/1qY3aZve,iooj
Readings in Database Systems PDF 下载,http://pan.baidu.com/s/1nvkQjEx,2zke
Oracle RAC Database on Linux Using VirtualBox PDF 下载,http://pan.baidu.com/s/1pLoPLeN,skva
SQL Server在电子商务中的应用与实践 PDF 下载,http://pan.baidu.com/s/1sl5aIq5,m90a
Pro MySQL NDB Cluster PDF 下载,http://pan.baidu.com/s/1hrKBJco,na8n
learning_graphql_and_relay PDF 下载,http://pan.baidu.com/s/1bpk4r4V,0fii
MariaDB and MySQL Common Table Expressions and Window Functi,http://pan.baidu.com/s/1hrTzfrI,526h
SAP内存计算-HANA PDF 下载,http://pan.baidu.com/s/1slBLVSp,boi1
[计算机软件及应用]GreenPlum 详细培训教程 PDF 下载,http://pan.baidu.com/s/1skS0LOx,q4zj
Beginning Microsoft  SQL Server 2012 Programming PDF 下载,http://pan.baidu.com/s/1eRT3a9s,fsf2
Oracle 12c For Dummies PDF 下载,http://pan.baidu.com/s/1kVae2W3,01c9
Vmware+Oracle11g单实例+ASM PDF 下载,http://pan.baidu.com/s/1o7IxwRw,fvy3
Redis专场：如何利用Redisson分布式化传统Web项目,http://pan.baidu.com/s/1qXRgKZM,rmm5
SQL Server专场：RDS SQL Server高CPU使用率性能优化（,http://pan.baidu.com/s/1mhYa2aW,tufc
Microsoft SQL Server 2012 Integration Services PDF 下载,http://pan.baidu.com/s/1pLA3XBd,fi8n
oracle命令大全 PDF 下载,http://pan.baidu.com/s/1boYsKbl,rhob
SQL语言使用手册 PDF 下载,http://pan.baidu.com/s/1c2q7Dks,zdp2
MySQL Server 5.1绿色版 下载,http://pan.baidu.com/s/1bN5yKA,luf0
MySQL 5.5官方简体中文参考手册完美版 PDF 下载,http://pan.baidu.com/s/1bp2KDm3,8uow
Atom 使用教程 - v1.0 PDF 下载,http://pan.baidu.com/s/1bpuDhV5,y7n9
TR-069_Amendment PDF 下载,http://pan.baidu.com/s/1kUHhlt1,tyox
java基础 一天学会 Redis PDF 下载,http://pan.baidu.com/s/1csDsxK,xuve
管中窥豹——MySQL(InnoDB)死锁分析之道 PDF 下载,http://pan.baidu.com/s/1qXRMycs,3l8b
深入解读JIMDB—京东分布式缓存与高速KV存储 PD,http://pan.baidu.com/s/1kVIdweb,9a47
精通MySQL字符集与校对集 PDF 下载,http://pan.baidu.com/s/1hs8FZX6,yqy6
MySQL的自动备份与恢复 PDF 下载,http://pan.baidu.com/s/1qYDjuMw,kqbt
Oracle Database 12cR2  体系架构 高清图 PDF 下载,http://pan.baidu.com/s/1slnyKUx,5xoa
dep bos eas必备必学脚本代码 PDF 下载,http://pan.baidu.com/s/1misY8So,jvnu
mysql集群化的三种武器-MNC,MGC与MIC PDF 下载,http://pan.baidu.com/s/1o8uqzfO,ek5n
CockroachDB中文文档 PDF 下载,http://pan.baidu.com/s/1hs9vMmS,uz53
新的思程碑--PostgreSQL 10.0新特性介绍 PDF 下载,http://pan.baidu.com/s/1kVN2Hwz,q5up
100亿数据量1万属性数据库架构设计 PDF 下载,http://pan.baidu.com/s/1i5ouYXZ,yqpn
Goldengate从入门到精通 PDF 下载,http://pan.baidu.com/s/1mhRoo6c,hhz4
DBVisualizer使用教程 PDF 下载,http://pan.baidu.com/s/1dF6JV2L,8t26
Oracle数据库查询优化的方法 PDF 下载,http://pan.baidu.com/s/1gfmxdx5,mxp9
pgsqldoc-8.2.3中文文档 PDF 下载,http://pan.baidu.com/s/1o84zBQU,kza5
SAP HANA建模手册 PDF 下载,http://pan.baidu.com/s/1bpzwzCF,ikas
达梦数据库文档 PDF 下载,http://pan.baidu.com/s/1mhRoib2,mc2n
DataStage8.7安装步骤图解 PDF 下载,http://pan.baidu.com/s/1bpaZSzP,s9un
DataBase Presentation PDF 下载,http://pan.baidu.com/s/1cm7iKe,rzut
MySQL实现多实例方式运行揭秘 PDF 下载,http://pan.baidu.com/s/1c1ZBU28,yadz
Mysql 存储引擎和索引揭秘 PDF 下载,http://pan.baidu.com/s/1jItIupC,q0dt
Mysql  show 的使用 PDF 下载,http://pan.baidu.com/s/1nuM2uVJ,04fl
MySQL事务隔离级别 PDF 下载,http://pan.baidu.com/s/1mi3hI20,2jl1
MySQL体系结构 PDF 下载,http://pan.baidu.com/s/1gfmwWO7,2zj9
MySQL 4.1 5.0 5.1 5.5 5.6各版本的主要区别 PDF 下载,http://pan.baidu.com/s/1hrMC7OC,py5w
MySQL 线上运维常见错误、疑难问题录 PDF 下载,http://pan.baidu.com/s/1bp51Y4B,uquu
MySQL索引_聚集索引 PDF 下载,http://pan.baidu.com/s/1hrYhPhq,4bxv
mysql多实例安装 PDF 下载,http://pan.baidu.com/s/1c2fH7Wk,g6pu
Oracle Coherence中文开发文档 PDF 下载,http://pan.baidu.com/s/1dFdDy4D,92pq
2017云栖大会-云数据库Redis版的开源之路 PDF 下载,http://pan.baidu.com/s/1c2Ircp6,7zw4
KEEPALIVED配置MySQL主-备模式 PDF 下载,http://pan.baidu.com/s/1kUHMBuZ,r3o1
Mysql innodb 存储引擎 PDF 下载,http://pan.baidu.com/s/1c19TrNE,qii5
MySQL thread_cache和table_cache详解 PDF 下载,http://pan.baidu.com/s/1qYOEkhQ,vr0c
MYSQL锁机制全揭秘 PDF 下载,http://pan.baidu.com/s/1geULKXH,g577
PostgreSQL9.3.1 中文手册 PDF 下载,http://pan.baidu.com/s/1mhQ7IZ2,k7uv
Mariadb集群+haproxy+keepalived +性能测试 PDF 下载,http://pan.baidu.com/s/1boOOpGF,wb8j
MySQL Galera集群的选择与性能测试 PDF 下载,http://pan.baidu.com/s/1dFPaxKt,vydx
MySQL最牛高可用MHA+KEEPALIVE安装维护完美手册 PDF,http://pan.baidu.com/s/1c2m2JYS,gca0
MySQL主从一致性检查&amp;修复攻略 PDF 下载,http://pan.baidu.com/s/1gfeVbft,o38j
mysql5.7多源复制部署手册 PDF 下载,http://pan.baidu.com/s/1bozLP07,458t
基于特殊情况数据库恢复攻略手册 PDF 下载,http://pan.baidu.com/s/1cm6QFc,z2ht
空间不足之Lvm方案与mysql 自带方案比较 PDF 下载,http://pan.baidu.com/s/1i5KO7IH,l7s0
MySQL调优攻略 PDF 下载,http://pan.baidu.com/s/1ge7LiHt,edfa
MySQL DBA线上疑难杂症化解全揭秘 PDF 下载,http://pan.baidu.com/s/1kVqYlGN,2jch
牛逼的OGG(oracle golden date)详细部署 Oracle 11g PDF 下,http://pan.baidu.com/s/1gf8bxdT,zh9n
MySQL安全配置详解 PDF 下载,http://pan.baidu.com/s/1jIEaPMY,js5v
MYSQL QPS TPS讲解 PDF 下载,http://pan.baidu.com/s/1skESuML,8jvo
Mysql主从半同步配置 PDF 下载,http://pan.baidu.com/s/1kUZxphd,o98m
Mysql 执行计划解读 PDF 下载,http://pan.baidu.com/s/1jIb1rBw,20ny
MySQL分表和分区最佳攻略 PDF 下载,http://pan.baidu.com/s/1miT5Pvq,xgy0
MySQL安装文档编译，二进制，多实例 PDF 下载,http://pan.baidu.com/s/1miBUXM4,r5ps
MySQL索引背后的数据结构及算法原理 PDF 下载,http://pan.baidu.com/s/1c2yEbE4,zu3s
MySQL主从架构的复制原理和配置 PDF 下载,http://pan.baidu.com/s/1o8mOzpC,cv7h
MySQL查询语句大全集锦 PDF 下载,http://pan.baidu.com/s/1hrJo1d6,mayi
MySQL 数据库误删除后的恢复方案 DOC 下载,http://pan.baidu.com/s/1dEBmVXB,cjvf
MySQL的or、in、union与索引优化 DOC 下载,http://pan.baidu.com/s/1gfjEIBp,i1kl
数据库索引技巧 DOC 下载,http://pan.baidu.com/s/1qXMvQm4,dpuy
mysql优化 DOC 下载,http://pan.baidu.com/s/1jHE075c,6px8
mysql参数及其优化 DOC 下载,http://pan.baidu.com/s/1miFYHBU,xceq
OracleDB_on_SLES12 PDF 下载,http://pan.baidu.com/s/1co8uuy,afkx
ORACLE_SQL语句优化技术分析 PDF 下载,http://pan.baidu.com/s/1nvsp3eh,jkg6
从分区到Sharding：数据库核心业务表的分区设计,http://pan.baidu.com/s/1i58CCXf,q8z6
SAP HANA轻松扩展打造实时商务智能 PDF 下载,http://pan.baidu.com/s/1hsf8wja,ievp
搭建MongoDB集群 PDF 下载,http://pan.baidu.com/s/1ctr1Ye,ek6c
Oracle 10g DBA学习手册 PDF 下载,http://pan.baidu.com/s/1bp6M8vt,7h2o
ffmpeg基础库编程开发 PDF 下载,http://pan.baidu.com/s/1eR5eoV4,o6l9
DataWarehousing withGreenplum PDF 下载,http://pan.baidu.com/s/1c1P1eMG,g07h
Oracle 和 MySQL 性能优化感悟 PDF 下载,http://pan.baidu.com/s/1jI68r6A,ffty
Toad_for_OracleV11常见疑问解答与常用技巧V1.0 PDF 下,http://pan.baidu.com/s/1kVze95l,dk2m
Java Database Connectivity PDF 下载,http://pan.baidu.com/s/1hs7sfEc,542o
database design PDF 下载,http://pan.baidu.com/s/1dFF5EsL,e6cy
SAS-JMP-10-中文版教程 PDF 下载,http://pan.baidu.com/s/1o7Ne1AU,39x6
MySQL架构演变与性能优化 PDF 下载,http://pan.baidu.com/s/1eS4DTfk,qpfw
MySQL Documentation 5.7 PDF 下载,http://pan.baidu.com/s/1hr4tDJm,ocx4
postgis中文说明书 PDF 下载,http://pan.baidu.com/s/1bplMWDT,exjz
SQL基本概念 PDF 下载,http://pan.baidu.com/s/1nv7hhGl,b0fm
数据库SQL优化大总结之 百万级数据库优化方案,http://pan.baidu.com/s/1geRvSK7,67wd
Oracle执行计划收集与分析 PDF 下载,http://pan.baidu.com/s/1kULNChh,0io2
ODBC to SQL Server PDF 下载,http://pan.baidu.com/s/1bo9SBXP,v6j9
MongoDB基础教程 PDF 下载,http://pan.baidu.com/s/1hsmsds4,35pi
oracle_执行计划_详解 PDF 下载,http://pan.baidu.com/s/1jI9o8a6,gj5q
SQL最佳实践 PDF 下载,http://pan.baidu.com/s/1qYNV5AO,mcfj
redis-指令操作实例 PDF 下载,http://pan.baidu.com/s/1eRULhB0,vmmn
The Data Warehouse ETL Toolkit中文版 PDF 下载,http://pan.baidu.com/s/1gfOT891,kjvm
PLSQL最佳实践 PDF 下载,http://pan.baidu.com/s/1o7Itzdg,7fkc
Redis源代码分析 PDF 下载,http://pan.baidu.com/s/1mhZskYk,acnz
Oracle PL_SQL语言初级教程 PDF 下载,http://pan.baidu.com/s/1c2B2qhq,kx9r
Redis命令参考手册完整版 PDF 下载,http://pan.baidu.com/s/1nvbXVFb,d56x
MongoDB在京东的使用 PDF 下载,http://pan.baidu.com/s/1jIJwQ8I,ahdh
MySQL分区分表方案实践手册 PDF 下载,http://pan.baidu.com/s/1bT6c7k,b53v
MySQL 5.7 深度解析  半同步复制技术 PDF 下载,http://pan.baidu.com/s/1jIMKzDs,mksy
SAP HANA 开发者快速入门指南_中文版 PDF 下载,http://pan.baidu.com/s/1miSfU0g,jotv
Access数据库综合开发实例 PDF 下载,http://pan.baidu.com/s/1eR9eXeM,cy2q
MySQL+存储过程经典教程 PDF 下载,http://pan.baidu.com/s/1nviIbsX,4mxw
T-SQL用户指南 PDF 下载,http://pan.baidu.com/s/1c1HVMnA,1pq3
MySQL最佳优化完美攻略 PDF 下载,http://pan.baidu.com/s/1gfORy0r,h6on
十四、Mysql+Keepalived实现mysql数据库高可用 PDF 下载,http://pan.baidu.com/s/1jIwuSrs,6d3g
深入浅出 Oracle+EBS+Forms开发指南_中级 PDF 下载,http://pan.baidu.com/s/1jHIyGGA,utrj
Mysql数据库多实例安装 PDF 下载,http://pan.baidu.com/s/1i59Tcod,kh75
Toad_for_DB2_使用指南 PDF 下载,http://pan.baidu.com/s/1b1dr6e,wamr
mysql优化总结 DOC 下载,http://pan.baidu.com/s/1mhCUeQc,1ir1
Oracle 10g Server on Red Hat PDF 下载,http://pan.baidu.com/s/1kUHFUuz,wbd9
JDBC学习手册 PDF 下载,http://pan.baidu.com/s/1pLsLull,11zx
Oracle DBA两日速成经典教程 PDF 下载,http://pan.baidu.com/s/1eRUHbb0,c1fs
Oracle 12cR1 RAC 在VMware Workstation上完美安装手册 P,http://pan.baidu.com/s/1skGN6Jb,9ikr
percona-toolkit使用教程 PDF 下载,http://pan.baidu.com/s/1jIfyxM2,mql2
ProxySQL Tutorial - PLAM 2016 PDF 下载,http://pan.baidu.com/s/1qXPCV3u,2fej
mongdb增删改查（原生命令） PDF 下载,http://pan.baidu.com/s/1i49BYpn,chsb
ORACLE开发SQL编写规范 PDF 下载,http://pan.baidu.com/s/1pK7xOXP,xjyr
Oracle DBA实战总结的维护手册 PDF 下载,http://pan.baidu.com/s/1eSekgMm,4062
数据库设计 Step by Step PDF 下载,http://pan.baidu.com/s/1slTU0CP,mi5b
OracleEBS-OAF开发笔记 PDF 下载,http://pan.baidu.com/s/1nv8xSwh,jnn0
ORACLEEBS 入门及供应链核心系统详解教程-上册 P,http://pan.baidu.com/s/1gfBXQBh,cgxu
linux 11及oracle 11系统安装操作手册 DOC 下载,http://pan.baidu.com/s/1hrBF0zU,5zxq
MySQL 5.7新增加的特性 DOC 下载,http://pan.baidu.com/s/1boV2ua7,3r3a
windows环境下redis高可用之主从复制与哨兵监控,http://pan.baidu.com/s/1boSKhYn,37gl
Redis 3.0 中文版  PDF 下载,http://pan.baidu.com/s/1eSGdhya,24u9
Oracle数据库体系结构(详细版) PDF 下载,http://pan.baidu.com/s/1bpzUjdt,cqmk
DbVisualizer 9.5 Users Guide PDF 下载,http://pan.baidu.com/s/1nu6e38H,u869
The Little redis book PDF 下载,http://pan.baidu.com/s/1nvG4fBr,su8w
ORACLE系统-值集详解 PDF 下载,http://pan.baidu.com/s/1i4EZKZr,lpsz
Oracle Database Administrator's Guide 12c PDF 下载,http://pan.baidu.com/s/1mhAjYha,gojh
mysql internal manual PDF 下载,http://pan.baidu.com/s/1pKEh5Zt,ggj0
PostgreSQL 9.5.6 管理员手册 PDF 下载,http://pan.baidu.com/s/1eRUEOsM,gl7t
SQL_server2008_R2安装图解(win7平台) PDF 下载,http://pan.baidu.com/s/1eRK53P4,0t07
sql注入原理 DOC 下载,http://pan.baidu.com/s/1kV9LWhT,ah0p
数据库(Oracle)命名规范 DOC 下载,http://pan.baidu.com/s/1bpMngIF,x8ra
MySQL 5.6 OCP考试模拟题_解析 PDF 下载,http://pan.baidu.com/s/1hsihmcc,2iz6
MySQL Innodb锁解决并发问题 PDF 下载,http://pan.baidu.com/s/1o8UDZQU,8zn6
高效MySQL的N个习惯 PDF 下载,http://pan.baidu.com/s/1kVlyQbl,73d2
浅谈范式理论 PPT 下载,http://pan.baidu.com/s/1skWZa37,gajd
Qt使用mysql报错详解 PDF 下载,http://pan.baidu.com/s/1c2temFQ,noem
关于在PLSQL中实现DEBUG调试功能的方法(WEB) V1.0 P,http://pan.baidu.com/s/1jIeEETw,92ll
SQL语句学习入门到进阶 PDF 下载,https://pan.baidu.com/s/1hsge7NQ,zd3p
金融大数据解决方案：中科天玑新型混合数仓及,http://pan.baidu.com/s/1bp7YSov,u9ag
Redis中文文档 PDF 下载,http://pan.baidu.com/s/1eRYaLn8,kvei
将SQLSERVER2000迁移到ORACLE11G操作流程 PDF 下载,http://pan.baidu.com/s/1eRM52iY,rk5q
mongodb多数据中心的方案 PDF 下载,http://pan.baidu.com/s/1geDGb6N,4egt
DB2 SQLCODE 大全 PDF 下载,http://pan.baidu.com/s/1slDBNpr,hj2m
云平台开发人员MySQL数据库知识手册 DOC 下载,http://pan.baidu.com/s/1boUcZmv,qax0
MyBatis3.2.4完全自学手册 PDF 下载,http://pan.baidu.com/s/1nv7EfcH,2tul
DBArtisan_8.7.6_中文版说明 PDF 下载,http://pan.baidu.com/s/1jH8jSMU,26uv
MySQL Group Replication官方文档中文版 PDF 下载,http://pan.baidu.com/s/1i4Xoy2L,wzno
Oracle Database Backup and Recovery User's Guide PDF 下载,http://pan.baidu.com/s/1skXDTDF,n80a
SQL语句大全 DOC 下载,http://pan.baidu.com/s/1i5QISHR,phcr
access数据库程序设计试题大全 DOC 下载,http://pan.baidu.com/s/1c1UG5k0,2ebz
Oracle_11g日常操作与维护手册 DOC 下载,http://pan.baidu.com/s/1eS1Myau,fc6r
3天入门MySQL PDF 下载,http://pan.baidu.com/s/1qYIxb7e,i5hu
大牛出手MySQL死锁深入分析 PDF 下载,http://pan.baidu.com/s/1geRSzbt,4qot
Java环境下Memcached应用详解 DOC 下载,http://pan.baidu.com/s/1qYlmNXq,axc7
Oracle语句优化 PDF 下载,http://pan.baidu.com/s/1dE5BNWH,3jgd
京东完美编译MySQL Group Replication官方文档中文版,http://pan.baidu.com/s/1dEZxYkL,lbz9
redis安装与基本应用 DOC 下载,http://pan.baidu.com/s/1nvhpkb3,s6jl
Rose Replicator Plus For MSSQL 2008 双机部署手册 PDF 下载,http://pan.baidu.com/s/1o8hmHGu,83qr
Oracle 11g concept 中英文对照版 PDF 下载,http://pan.baidu.com/s/1qXSp1Li,d7wt
PostgreSQL 性能优化培训 PDF 下载,http://pan.baidu.com/s/1nvHMb6D,t09r
Mysql innodb 存储 PDF 下载,http://pan.baidu.com/s/1kV7GFcV,goc8
Mysql Innodb 索引 PDF 下载,http://pan.baidu.com/s/1dEI2bAT,1yc2
Mysql Innodb 引擎 PDF 下载,http://pan.baidu.com/s/1eSkkx0m,p7sz
Mysql Innodb存储架构 PDF 下载,http://pan.baidu.com/s/1pLAWxHh,4os0
Guide to Optimizing Performance of the MySQL Cluster Databas,http://pan.baidu.com/s/1nvdkiPN,vp33
使用MySQL Cluster开发用户数据库指南 PDF 下载,http://pan.baidu.com/s/1dEPTotz,p1nx
Guide to Scaling Web Databases with MySQL Cluster PDF 下载,http://pan.baidu.com/s/1c1TsZPQ,n7jz
Designing, Evaluating and Benchmarking MySQL Cluster PDF 下载,http://pan.baidu.com/s/1mibktcc,032v
MySQL Cluster Benchmarks PDF 下载,http://pan.baidu.com/s/1bpci6mV,5bux
MySQL Cluster Manager PDF 下载,http://pan.baidu.com/s/1slrpkHR,i80i
MySQL Cluster 7.3实现互联网级性能和运营商级可用性,http://pan.baidu.com/s/1eSn7K3o,erlb
mongodb分布式 DOC 下载,http://pan.baidu.com/s/1c23QA6c,hqr4
GoldenGate深入分析及故障解决 PDF 下载,http://pan.baidu.com/s/1c1HhwT6,of33
MongoDB部署 配置简要手册 PDF 下载,http://pan.baidu.com/s/1kViDrrL,4ozb
ORACLE 错误一览表 下载,http://pan.baidu.com/s/1o835MJK,saer
redis用法详细解释 DOC 下载,http://pan.baidu.com/s/1hrIu4YS,ydvi
mongodb 3.4 手册 PDF 下载,http://pan.baidu.com/s/1slk2ytv,5f3x
Oracle 11g 菜鸟学习安装手册 PDF 下载,http://pan.baidu.com/s/1bpeiKjX,g7lw
MySQL DBA学习指南卷1 Oracle官方中文版 PDF 下载,http://pan.baidu.com/s/1mi2SNvq,q68i
MySQL DBA学习指南卷2 Oracle官方中文版 PDF 下载,http://pan.baidu.com/s/1skXA397,loxm
Oracle Advanced Programming With Packages PDF 下载,http://pan.baidu.com/s/1pLQ3nwn,2gtv
新浪_杨海朝_redis运维之道 PDF 下载,http://pan.baidu.com/s/1dF21cDr,mxfd
DB2 using db2top utility Optimize PDF 下载,http://pan.baidu.com/s/1bo9aaNd,pf4w
深入解析Oracle PDF 下载,http://pan.baidu.com/s/1hrCn6fE,zlym
DB2 Universal Database for iSeries SQL Reference V5R3 PDF 下载,http://pan.baidu.com/s/1qYTitKo,tq3o
MySQL Innodb 参数详解与优化实践 PDF 下载,http://pan.baidu.com/s/1kV16Tk7,ob5m
MySQL体系结构深入解析 PDF 下载,http://pan.baidu.com/s/1nvHHRb7,e8fz
MySQL-5.6-全方位效能调优 PDF 下载,http://pan.baidu.com/s/1hr8hGAK,r5wq
数据库设计教程（第二版） PDF 下载,http://pan.baidu.com/s/1jIyQvKa,c0go
SQL从入门到精通 PDF 下载,http://pan.baidu.com/s/1hrGoVVe,96qw
DB2 Call Level Interface Guide and Reference PDF 下载,http://pan.baidu.com/s/1jIAv0bW,t6zu
mysql percona server 官方手册 PDF 下载,http://pan.baidu.com/s/1hrZliYC,mmi8
<font color='#FF0000'>《Oracle PL/SQL完全自学手册》PDF 下载</font>,http://pan.baidu.com/s/1pKLzxoR,w1ky
《mysql数据库精深》 DOC下载,http://pan.baidu.com/s/1o6hUYIA,(访问密码：nv4s)
Struts2源码分析 PDF 下载,https://pan.baidu.com/s/1mkd2Dde,xb97
<b><font color='#FF0000'>《JSP应用开发详解（第三版）》PDF 下载</font></b>,https://pan.baidu.com/s/1o9Lhrce,1igr
<b>《JSP宝典》PDF 下载</b>,https://pan.baidu.com/s/1eTsrv3c,8uan
<b><font color='#FF0000'>《实用负载均衡技术：网站性能优化攻略》PDF 下</font></b>,https://pan.baidu.com/s/1i6fZXSL,ceyz
《Axis1.4_开发指南》PDF 下载,https://pan.baidu.com/s/1pM8TYaB,259z
<b><font color='#FF0000'>《Java Web项目开发案例精粹》[附源码]PDF 下载</font></b>,https://pan.baidu.com/s/1d5qDS6,myk2
React学习之道 PDF 下载,https://pan.baidu.com/s/1pMNMYNp,daz9
SpringFramework Notes For Professionals PDF 下载,https://pan.baidu.com/s/1smVk3wx,fmpq
dubbo源码解析2.0 PDF 下载,https://pan.baidu.com/s/1o9NPaD8,nkag
基于Spring Cloud 的灰度发布实践 PDF 下载,https://pan.baidu.com/s/1kWG33mB,n8ui
jpa tutorial PDF 下载,https://pan.baidu.com/s/1o9wK6cM,tojj
《Java EE Web 高级开发案例》PDF 下载,https://pan.baidu.com/s/1o8XIcIY,fu4j
<b>《Tomcat与Java Web开发技术详解(第2版)》PDF 下载</b>,https://pan.baidu.com/s/1bqZGBaZ,hpji
<b><font color='#FF0000'>《Spring源码深度解析》PDF 下载</font></b>,https://pan.baidu.com/s/1dHdGoal,horj
<b><font color='#FF0000'>《Pro JPA2中文版：精通Java持久化API》PDF 下载</font></b>,https://pan.baidu.com/s/1htbrUs8,huuf
Pro JPA 2 in Java EE 8 PDF 下载,https://pan.baidu.com/s/1eTYUvPw,bumg
Dubbo 的过去、现在以及未来 PDF 下载,https://pan.baidu.com/s/1sm0HYVV,f0ob
Just Spring Data Access中文版 PDF 下载,https://pan.baidu.com/s/1kW0UnvL,382x
<b><font color='#FF0000'>《独门架构：Java Web开发应用详解》PDF 下载</font></b>,https://pan.baidu.com/s/1nvXJRjb,4qsj
Nginx+Tomcat9搭建负载均衡实例，解压即可运行 下载,https://pan.baidu.com/s/1eUfFRXo,6epw
<b><font color='#FF0000'>《Hive编程指南》PDF 下载</font></b>,https://pan.baidu.com/s/1qZddx0K,7hda
《Activiti.in.Action》PDF 下载,https://pan.baidu.com/s/1o9psEp0,ci53
<b>《Spring技术内幕》PDF 下载</b>,https://pan.baidu.com/s/1o9mAKA2,1pdj
<b><font color='#FF0000'>《大型网站技术架构 (核心原理与案例分析)》P</font></b>,https://pan.baidu.com/s/1i6LWNUt,o7nc
<b>《JSP网络开发入门与实践》PDF 下载</b>,https://pan.baidu.com/s/1pMxxZ0R,os69
Spring 5 Design Patterns PDF 下载,https://pan.baidu.com/s/1huhD0G0,jbhm
<b>《ExtJS+Web+应用程序开发指南(第1版)》PDF 下载</b>,https://pan.baidu.com/s/1c3xKb1A,rn66
《Dubbo开源》PDF 下载,https://pan.baidu.com/s/1qZGswcG,ottq
<b>《分布式Java应用：基础与实践》PDF 下载</b>,https://pan.baidu.com/s/1o98oTrO,uvhv
后台开发常问面试题集锦（问题搬运工，附链接,https://pan.baidu.com/s/1c2TrISS,kbz3
<b>《Eclipse插件开发（原书第3版）》PDF 下载</b>,https://pan.baidu.com/s/1qZ6OLFQ,xd6p
kafka权威指南中文版 PDF 下载,https://pan.baidu.com/s/1jKd5a6M,0eqd
<b>《30天学通Java Web项目案例开发》PDF 下载</b>,https://pan.baidu.com/s/1jJOBKSQ,id7x
7天学会spring cloud教程 PDF 下载,https://pan.baidu.com/s/1jJBe5TW,0zsp
《Java_SSH框架案例教程学生用书》PDF 下载,https://pan.baidu.com/s/1mjNREaO,swwq
<b><font color='#FF0000'>《Java Web从入门到精通》PDF 下载</font></b>,https://pan.baidu.com/s/1pNj0efh,iroa
<b>《轻量级Java EE企业应用实战》PDF 下载</b>,https://pan.baidu.com/s/1htZ4Xbm,vnra
<b>《Spring揭秘》PDF 下载</b>,https://pan.baidu.com/s/1pMi3Rdx,9728
Head First Android Development 2nd PDF 下载,https://pan.baidu.com/s/1hthwlkK,v3vx
apache solr7官方指南 PDF 下载,https://pan.baidu.com/s/1smNHl1N,iy4e
Canvas Draw on the Web  v1.0 PDF 下载,https://pan.baidu.com/s/1bpc0okJ,2uld
springboot配置属性 DOC 下载,https://pan.baidu.com/s/1dFnR23B,r5v8
solr安装部署文档（基于solr5.5.5）DOC 下载,https://pan.baidu.com/s/1pKZZTr1,7727
<b>《贯通Java Web开发三剑客：Eclipse+Tomcat+Ant整合开发</b>,https://pan.baidu.com/s/1dF8PYZR,c6nb
基于Soap协议下CXF框架开发 PDF 下载,https://pan.baidu.com/s/1slIAStJ,4yx5
《Maven实战》PDF 下载,https://pan.baidu.com/s/1bTE5bS,3j9i
分布式消息队列UMQ设计与架构演进 PDF 下载,https://pan.baidu.com/s/1dEOiGMH,51kg
spring5.0.2中文官网文档 PDF 下载,https://pan.baidu.com/s/1geA71uF,7etk
Spring Microservices in Action-Manning PDF 下载,https://pan.baidu.com/s/1hrPynVA,prmj
Beginning JSP,JSF and Tomcat PDF 下载,https://pan.baidu.com/s/1gfMs8aJ,xm62
Java EE Web Application Primer PDF 下载,https://pan.baidu.com/s/1sljyzxj,cq2b
learning spring boot 2.0 2nd PDF 下载,https://pan.baidu.com/s/1c2qA6Hi,l8oj
开源框架实战宝典电子书V1.0.0 PDF 下载,https://pan.baidu.com/s/1eRKcwgU,llvz
SpringMVC4.2.4中文文档 PDF 下载,https://pan.baidu.com/s/1slNZY3N,9b0g
<b><font color='#FF0000'>《精通Java Web整合开发（JSP+AJAX+Struts+Hibernate）(第</font></b>,https://pan.baidu.com/s/1kV27u1x,7ky0
Modern Software Engineering Methodologies for Mobile and Clo,https://pan.baidu.com/s/1kVIgsXh,fpld
<b><font color='#FF0000'>《Lucene实战(第2版)》PDF 下载</font></b>,https://pan.baidu.com/s/1miqZPBa,sn17
《Alfresco介绍》PDF 下载,https://pan.baidu.com/s/1slkedIX,82h7&nbsp;
Learn Microservices with Spring Boot PDF 下载,https://pan.baidu.com/s/1c2tXLJi,5mqm
nginx安装手册 DOC 下载,https://pan.baidu.com/s/1kUQDhbT,3uxp
Nginx+Mamcache负载均衡session共享应用 DOC 下载,https://pan.baidu.com/s/1i5AIqu5,dj7p
安装教程总结_Elasticsearch DOC 下载,https://pan.baidu.com/s/1pLr9o8b,c6ix
Spring下配置几种常用连接池 PDF 下载,https://pan.baidu.com/s/1kVrH07H,c5nf
Nginx反向代理工作原理简介与配置详解 PDF 下载,https://pan.baidu.com/s/1kVtdwr1,ouqc
kafka集群配置 PDF 下载,https://pan.baidu.com/s/1kUNpimj,2shc
servlet 4_0_FINAL PDF 下载,https://pan.baidu.com/s/1jHLpf9s,xjj0
Drools6安装部署详细文档 DOC 下载,https://pan.baidu.com/s/1kUFhqnl,rutt
集群应用Session一致性实现的三种方案 PDF 下载,https://pan.baidu.com/s/1bptZhc7,7yxc
J2EE分布式架dubbo+springmvc+mybatis+ehcache+redis分布式架,https://pan.baidu.com/s/1qYdZw2C,53ww
<b>《JavaWeb开发实战经典》PDF 下载</b>,http://pan.baidu.com/s/1kVej9ND,i4dc
Spring框架参考文档-5.0.0-中文完整版 PDF 下载,http://pan.baidu.com/s/1eR9kVjc,oetu
《CAS实现单点登录(SSO)经典完整教程》PDF 下载,http://pan.baidu.com/s/1kVj89Mn,9v08
[优]CentOS7下svn tomcat9.0 maven3.3 jenkins实现web项目自,http://pan.baidu.com/s/1o7JJNR0,at2v
Spring MVC学习指南（第2版）PDF 下载,http://pan.baidu.com/s/1i45aQZr,1jld
Pro Spring Security PDF 下载,http://pan.baidu.com/s/1hseUwPQ,tzow
Spring+boot+快速入门 PDF 下载,http://pan.baidu.com/s/1jHZ04bc,3tiw
Spring 5.0 Microservices 2nd Edition PDF 下载,http://pan.baidu.com/s/1i4FjH3n,qlqe
Spring Web Services 2 Cookbook PDF 下载,http://pan.baidu.com/s/1hr3GwSk,41ju
ActiveMQ高可用集群(ZooKeeper+LevelDB)安装、配置、高,http://pan.baidu.com/s/1o8khDB8,0018
SpringBoot-1.5.7_入门要点图示 PDF 下载,http://pan.baidu.com/s/1gfOXvCB,qaex
Creating Web Animations PDF 下载,http://pan.baidu.com/s/1eSOZbSA,d1fo
spring-data-mongodb-reference PDF 下载,http://pan.baidu.com/s/1miSkABQ,qayp
dubbo开发者手册 PDF 下载,http://pan.baidu.com/s/1o7IwLdS,ywc0
dubbo管理员手册 PDF 下载,http://pan.baidu.com/s/1boFvxAB,le4v
《大数据量海量数据处理》PDF 下载,http://pan.baidu.com/s/1c2IryNm,n6qk
Servlet 工作原理解析 PDF 下载,http://pan.baidu.com/s/1c1YqgzY,iexw
SpringBoot 1.5.8 RELEASE 官方文档 PDF 下载,http://pan.baidu.com/s/1bpljnkF,r0yu
Apache_Mina_Server_ 深入教程V1.0 PDF 下载,http://pan.baidu.com/s/1c2bDIMW,sokc
大流量Web系统的性能优化实践 PDF 下载,http://pan.baidu.com/s/1jIvKfiu,x60s
OSGi入门篇：模块层 PDF 下载,http://pan.baidu.com/s/1eRHW61k,chr6
_mark_OSGi__mark_开发环境建立和Hello World PDF 下载,http://pan.baidu.com/s/1kV7TgWn,leiw
OSGi入门篇：服务层 PDF 下载,http://pan.baidu.com/s/1jI8BjTG,qr36
OSGi入门篇：_mark_生命周期__mark_层 PDF 下载,http://pan.baidu.com/s/1c19ng7u,q118
Spring+Websocket实现消息的推送 下载,http://pan.baidu.com/s/1qXIseoW,idtk
http协议所有相关问题 DOC 下载,http://pan.baidu.com/s/1dEUPJxf,rgsn
weblogic10集群部署注意事项 DOC 下载,http://pan.baidu.com/s/1jH7ETuA,2vbf
Webx3中文指南 PDF 下载,http://pan.baidu.com/s/1o8bsPia,p2q5
梦之都spring4.x教程 PDF 下载,http://pan.baidu.com/s/1i57rkOH,s3oq
Spring Boot 2.0.0参考手册 PDF 下载,http://pan.baidu.com/s/1kUYal0r,3bxj
Hibernate_Validator_reference中文版 PDF 下载,http://pan.baidu.com/s/1gf5svuV,yjgg
spring-batch-reference PDF 下载,http://pan.baidu.com/s/1miKHqDM,qnow
Java Servlet 4.0 API CHM 下载,http://pan.baidu.com/s/1dFjHNS9,e9of
Spring Cloud Netflix 官方参考手册 PDF 下载,http://pan.baidu.com/s/1qX93nyc,yjch
apache-solr-ref-guide-6.6 PDF 下载,http://pan.baidu.com/s/1bpETAVl,ty10
AspectJ程序设计指南 PDF 下载,http://pan.baidu.com/s/1i5J0L5z,vnrm
MyBatis+Geneator详解 PDF 下载,http://pan.baidu.com/s/1nvC7cal,z8tr
JavaEE8_Platform_Spec_FinalRelease PDF 下载,http://pan.baidu.com/s/1kVj4IUV,5ato
SpringSide优化文档 PDF 下载,http://pan.baidu.com/s/1pKAQCen,l2ee
Nginx开发从入门到精通v1.0 PDF 下载,http://pan.baidu.com/s/1pK94MdP,8rgw
dubbox编译、环境搭建、服务提供和服务消费及学,http://pan.baidu.com/s/1dERzOcx,5qvl
IA-32架构软件开发人员手册_卷3：系统编程指南,http://pan.baidu.com/s/1pKPJo3h,qsjr
spring cloud hystrix原理介绍及使用 PDF 下载,http://pan.baidu.com/s/1slLRggH,enyc
springboot官方指南 PDF 下载,http://pan.baidu.com/s/1hsGdFP6,bhpq
Maven the reference guide PDF 下载,http://pan.baidu.com/s/1eR1Ex82,jev7
thymeleaf使用 PPT 下载,http://pan.baidu.com/s/1qYM8UHQ,876v
using thymeleaf文档 PDF 下载,http://pan.baidu.com/s/1qY5DVeW,egbo
extending thymeleaf文档 PDF 下载,http://pan.baidu.com/s/1dENvc8h,gcnw
Activiti V5.21 用户手册 中文版 PDF 下载,http://pan.baidu.com/s/1mip7ev2,kswy
thymeleaf模板的使用 PDF 下载,http://pan.baidu.com/s/1miif10G,r6rj
thymeleaf spring文档 PDF 下载,http://pan.baidu.com/s/1sl2UcXJ,akrq
thymeleaf 学习笔记 PDF 下载,http://pan.baidu.com/s/1nvqkZ1n,3ezd
thymeleaf 2.1文档 PDF 下载,http://pan.baidu.com/s/1eS1U5jk,tgzo
thymeleaf 2.0文档 PDF 下载,http://pan.baidu.com/s/1miQeTFM,2uqe
thymeleaf 1.1文档 PDF 下载,http://pan.baidu.com/s/1boQhaiV,mb4u
Activiti User Guide v6.0.0 PDF 下载,http://pan.baidu.com/s/1kUDFkBt,ucn8
Building+a+REST+API+with+Spring PDF 下载,http://pan.baidu.com/s/1i5DsVXz,kxnc
Dubbo用户手册 PDF 下载,http://pan.baidu.com/s/1b64WbW,m55l
Spring Boot参考指南 PDF 下载,http://pan.baidu.com/s/1c2zp84K,8gtf
Spring Cloud Dalston 中文文档 PDF 下载,http://pan.baidu.com/s/1nvfucFR,gcul
ElasticSearch技术文档 PDF 下载,http://pan.baidu.com/s/1ge2q1qF,hpok
ElasticSearch China Conference(高级篇) PDF 下载,http://pan.baidu.com/s/1o8t4KVS,v1kx
Respository Management with nexus3 book PDF 下载,http://pan.baidu.com/s/1cKXfjg,qhug
Apache+Solr实现更加灵巧的搜索 PDF 下载,http://pan.baidu.com/s/1nvDjg29,rks3
《Spring Security3 张卫滨(译)》PDF 下载,http://pan.baidu.com/s/1qYDJbju,oqaq
Hibernate5用户手册中文版 PDF 下载,http://pan.baidu.com/s/1o80V7SY,tmrx
ssm框架整合及Rest风格接口实现 PDF 下载,http://pan.baidu.com/s/1slhSutf,dry4
<font color='#FF0000'>《spring_security3.1高级详细开发指南》PDF 下载</font>,http://pan.baidu.com/s/1boZ7gjt,1z05
Spring Data Elasticsearch Version 2 PDF 下载,http://pan.baidu.com/s/1gfxLlzt,4t9y
基于Hap3.0的工作流开发 DOC 下载,http://pan.baidu.com/s/1jImPIT4,gmsc
Spring 4.0 官方参考手册 PDF 下载,http://pan.baidu.com/s/1mhTiP2C,oynd
spring-data-elasticsearch-reference PDF 下载,http://pan.baidu.com/s/1dFOnBMh,oh48
基于SSH框架与AJAX技术的Java-Web应用开发 PDF 下载,http://pan.baidu.com/s/1pLmFkRT,5ftc
Elasticsearch 和 Kibana 在 Hulu视频的应用实践 PDF 下载,http://pan.baidu.com/s/1c2aQnIw,d539
<font color='#FF0000'>《跟开涛学SpringMVC》PDF 下载</font>,http://pan.baidu.com/s/1nvoKSXj,zxys
MyBatis-3.4.4使用手册（中文版） PDF 下载,http://pan.baidu.com/s/1bpeUP9H,26dr
Tomcat7中文文档(配置说明详解) DOC 下载,http://pan.baidu.com/s/1o8dmhjO,n48l
springIOC笔记整理 DOC 下载,http://pan.baidu.com/s/1bBQuYy,3awp
ActiveMQ入门 DOC 下载,http://pan.baidu.com/s/1c2vhjwc,vu62
Spring-data-redis使用指南 PDF 下载,http://pan.baidu.com/s/1miLpim0,memf
《spring注解完整版》PDF 下载,http://pan.baidu.com/s/1kVohi7d,obtj
实例Apache负载均衡+Tomcat集群全攻略 PDF 下载,http://pan.baidu.com/s/1i4ZrMEL,1pbx
TCP IP详解卷1：协议 原书第2版 PDF下载,http://pan.baidu.com/s/1geJMxfP,dnqe
struts2+spring4+mybatis3框架搭建手册 DOC 下载,http://pan.baidu.com/s/1i5MGofF,saiv
精通Java Web动态图表编程 PDF 下载,http://pan.baidu.com/s/1bo3FtUZ,gogv
SpringCloud组件案例手册 PDF 下载,http://pan.baidu.com/s/1o76G5Vs,rbhm
大规模SOA系统中的分布式事务处理_程立_SD2C2008,http://pan.baidu.com/s/1bpzlgT5,vzz9
分布式架构设计 PPT 下载,http://pan.baidu.com/s/1miv4LKW,emsx
Zookeeper原理及应用汇总 DOC 下载,http://pan.baidu.com/s/1slqAPoL,v22w
Tomcat安装、配置、优化及负载均衡详解 DOC 下载,http://pan.baidu.com/s/1dFtaYA1,djj7
使用SpringCloud和Docker实战微服务 PDF 下载,http://pan.baidu.com/s/1cpdvDO,44bb
使用Spring构建Restful的Web服务 PDF 下载,http://pan.baidu.com/s/1pKGMXnl,txcw
Nutch1.7二次开发培训讲义 PDF 下载,http://pan.baidu.com/s/1c2tIm2W,luld
spring 4.2.5手册 PDF 下载,http://pan.baidu.com/s/1qXTByXm,saqz
SpringMVC4教程-超权威--超详细 PPT 下载,http://pan.baidu.com/s/1qYfMj3Q,ppm7
服务框架实践与探索 PDF 下载,http://pan.baidu.com/s/1bpEIoUF,hv35
Hibernate ORM 5.2.7.Final User Guide 下载,http://pan.baidu.com/s/1dFpALUx,znz4
《实用J2EE设计模式编程指南》PDF 下载,http://pan.baidu.com/s/1o7KPjaq,674s
Activiti插件离线安装以及安装手册 下载,http://pan.baidu.com/s/1pLNeCw7,7hra
dubbo官方配置指南 DOC 下载,http://pan.baidu.com/s/1qYAldRQ,cg8e
Dubbo框架扩展 PDF 下载,http://pan.baidu.com/s/1qYCmk12,g4zx
Mastering JBoss Drools 6 for Developers PDF 下载,http://pan.baidu.com/s/1qXWU5NQ,8p4q
Weblogic集群安装配置操作手册1.0 DOC 下载,http://pan.baidu.com/s/1slxq5cx,bgjk
使用dorado基础技术进行Web应用开发 v1.0 DOC 下载,http://pan.baidu.com/s/1i5pys1f,u4qn
solr使用指南6.3 PDF 下载,http://pan.baidu.com/s/1dE99dCX,lwfm
JSTL使用手册 PDF 下载,http://pan.baidu.com/s/1c2Dpgg4,kqgm
heritrix3.1 官方指导手册 DOC 下载,http://pan.baidu.com/s/1hsr2tAc,ecsb
ELK集群部署手册 DOC 下载,http://pan.baidu.com/s/1bVZ042,n74h
Tomcat 系统架构与设计模式 PDF 下载,http://pan.baidu.com/s/1jILPYUa,3rx5
Node.js 官方文档中文版 PDF 下载,http://pan.baidu.com/s/1mhDxZK0,sg07
<b><font color='#FF0000'>《大规模分布式系统架构与设计实战》PDF 下载</font></b>,https://pan.baidu.com/s/1gfS7snL,v4wk
<font color='#FF0000'>《Java Web动态图表编程》PDF 下载</font>,http://pan.baidu.com/s/1c01SkAc,(访问密码：kgtt)
<b><font color='#FF0000'>《Java Web典型模块与项目实战大全》PDF 下载</font></b>,http://pan.baidu.com/s/11WgA6,(访问密码：npt6)
《jbpm工作流入门教程》PDF 下载,http://yunpan.cn/QDbN84pAnmYcE,(访问密码：183a)
《Redis入门手册（中文）》PDF 下载,http://yunpan.cn/QzKwE9TScNpXg,&nbsp;(访问密码：3e60)
《搜索引擎核心技术与实现（lucenesolr)》PDF 下载,http://yunpan.cn/QzWTWbBG8cbSC,(访问密码：9544)
《DWZ+富客户端框架使用手册》PDF 下载,http://yunpan.cn/QzWTGtKXvnSmJ,(访问密码：2c69)
《jbpm 流程引擎内核》PDF 下载,http://yunpan.cn/Qz9JWY3UvvPNJ,(访问密码：d660)
《Apache_Shiro保护你的应用》PDF 下载,http://yunpan.cn/QzaFExhtyDxfr,(访问密码：334f)
《JMS简明教程》PDF 下载,http://yunpan.cn/QpgvUzfHT2YTc,(访问密码：c006)
《log4j和slf4j入门教程》PDF 下载,http://yunpan.cn/QpRtbdLXbGd3i,(访问密码：d2a2)
《hession入门及注入spring》DOC下载,http://yunpan.cn/QpteRGVFSZkcM,(访问密码：914c)
《ExtJS实用开发指南》PDF 下载,http://yunpan.cn/Qp4jcuPzDVGSV,(访问密码：fcc7)
《Maven原理与实践》DOC下载,http://yunpan.cn/QpaLNXHDZdnT4,(访问密码：0cd7)
《JSP教程(高清书签版)》PDF 下载,http://yunpan.cn/Q446ALbuMUAJp,&nbsp;(访问密码： f915)
《Spring初学者入门教程》PDF 下载,http://yunpan.cn/Q4hZnVKdMGiLK,(访问密码： b0e4)
JavaScript Step by Step Third Edition PDF 下载,https://pan.baidu.com/s/1pLWu8J5,rgd1
JavaScript开发框架权威指南 PDF 下载,https://pan.baidu.com/s/1kXotIYj,6u7k
CSS Mastery, 3rd Edition PDF 下载,https://pan.baidu.com/s/1ht7MrmG,5ve8
Game Development with Three.js PDF 下载,https://pan.baidu.com/s/1dGceniL,wzsr
<b><font color='#FF0000'>《Ext江湖》PDF 下载</font></b>,https://pan.baidu.com/s/1htsSVMO,vnon
Semantics of Asynchronous JavaScript PDF 下载,https://pan.baidu.com/s/1pMXpXLT,u1vt
Vue.js实践：使用Vue2.0开发富交互WEB应用 PDF 下载,https://pan.baidu.com/s/1htFTres,uotb
<b>《高性能MySQL（第3版）》PDF 下载</b>,https://pan.baidu.com/s/1nwTWjdJ,jp8r
<b><font color='#FF0000'>《疯狂Ajax讲义（第3版）》PDF 下载</font></b>,https://pan.baidu.com/s/1c3QQEOg,kla3
<b><font color='#FF0000'>《JavaScript框架高级编程——应用Prototype、YUI、</font></b>,https://pan.baidu.com/s/1dKji5g,dxca
MSXML与JavaScript语言XML编程 PDF 下载,https://pan.baidu.com/s/1miVJHbE,36lt
HTML5基础 PDF 下载,https://pan.baidu.com/s/1kWoI7o7,vj74
沪江基于Node.js大规模应用实践 PDF 下载,https://pan.baidu.com/s/1pNqm8qR,sslp
Vue.js 2.x by Example PDF 下载,https://pan.baidu.com/s/1eTsq2UA,mnp3
<b>《精通JavaScript》PDF 下载</b>,https://pan.baidu.com/s/1kW8vruB,kb01
<b><font color='#FF0000'>《Ext JS源码分析与开发实例宝典(附源码)》PDF 下</font></b>,https://pan.baidu.com/s/1c3GGZnU,0pgm
A Smarter Way to Learn JavaScript 2013 PDF 下载,https://pan.baidu.com/s/1i7enl7R,nm3q
<b><font color='#FF0000'>《Head first Javascript 中文版》PDF 下载</font></b>,https://pan.baidu.com/s/1ht3Hycc,h80o
Custom SharePoint Solutions with HTML and JavaScript PDF 下载,https://pan.baidu.com/s/1dGmmkwx,bc1b
html5 css3 visual quick start guide 7th edition PDF 下载,https://pan.baidu.com/s/1smnPwgX,uutk
Angularjs Maintaining Web Applications PDF 下载,https://pan.baidu.com/s/1hsMrl7A,973k
<b>《JavaScript权威指南（第6版）》PDF 下载</b>,https://pan.baidu.com/s/1gfpjrKB,yst2
Vue.js教程 DOC 下载,https://pan.baidu.com/s/1miiT0yW,3b92
前端开发规范 PDF 下载,https://pan.baidu.com/s/1nvEF4At,t5th
<b>《JavaScript高级程序设计(第3版)》附源码 PDF 下载</b>,https://pan.baidu.com/s/1boQoTbT,d2dj
Cross Over to HTML5 Game Developmen PDF 下载,https://pan.baidu.com/s/1c2g198s,u146
React 和 Ant Design 在蚂蚁金服的实践 PDF 下载,https://pan.baidu.com/s/1cnXmiU,307p
RESTful Web API Design with Node.js(2nd) PDF 下载,https://pan.baidu.com/s/1pKNiobT,051z
Beginning Ractive.js-Apress(2017) PDF 下载,https://pan.baidu.com/s/1o7TpxEy,208z
Introducing ArcGIS API 4 for JavaScript Turn Awesome Maps in,https://pan.baidu.com/s/1hsF4AKO,rsfr
Pro TypeScript Application-Scale JavaScript Development(2nd),https://pan.baidu.com/s/1c2rWoNm,dppx
<b><font color='#FF0000'>《HTML5权威指南》PDF 下载</font></b>,https://pan.baidu.com/s/1jIzR134,h6l7
Developing Mobile Websites with HTML5 PDF 下载,https://pan.baidu.com/s/1pKGvXZt,jz58
Introducing ArcGIS API 4 for JavaScript Turn Awesome Maps in,https://pan.baidu.com/s/1slmfY8H,dow9
DHTMLX中文使用手册2.0版本 PDF 下载,https://pan.baidu.com/s/1kVmscq7,ywp4
<b>《DHTMLX中文使用手册》PDF 下载</b>,https://pan.baidu.com/s/1bQVI6i,vpqu
Full Stack AngularJS for Java Developers PDF 下载,https://pan.baidu.com/s/1o8eeda6,937z
Amcharts JS版设置属性-方法详细 PDF 下载,https://pan.baidu.com/s/1gfo18xt,m4vl
Reactive Extensions for javascript PDF 下载,https://pan.baidu.com/s/1c2IZN6w,fdcr
HTML5 The Missing Manual PDF 下载,https://pan.baidu.com/s/1kUUa2jl,g7n6
CSS The Missing Manual 4th PDF 下载,https://pan.baidu.com/s/1mi3Qqlq,69pe
<b>《Java TCP/IP Socket编程（原书第2版）》PDF 下载</b>,https://pan.baidu.com/s/1jIgnOEU,g7wq
<b><font color='#FF0000'>《jQuery基础教程(第4版)》PDF 下载</font></b>,https://pan.baidu.com/s/1pLLvgtd,o53n
jQuery Novice to Ninja PDF 下载,https://pan.baidu.com/s/1geKFf5x,ojqa
HTML_And_CSS_Design_And_Build_Websites PDF 下载,https://pan.baidu.com/s/1bpppvzT,c8go
JS 函数式编程指南 PDF 下载,https://pan.baidu.com/s/1slgFxAP,uh0d
<b>《JavaScript宝典(第六版)》PDF 下载</b>,https://pan.baidu.com/s/1bpJH8zP,ia81
ng-book2-angular-5-r65 PDF 下载,https://pan.baidu.com/s/1hrSe2iw,0sqk
JSONP实现原理 PDF 下载,https://pan.baidu.com/s/1hrJWXjI,7rlf
了解Ionic框架 PDF 下载,https://pan.baidu.com/s/1c1YsqBI,822j
Mastering Angular 2 Components PDF 下载,https://pan.baidu.com/s/1kVuy6Bd,jkh4
javascript私密教程 PDF 下载,https://pan.baidu.com/s/1pK8TvKZ,smgt
Pro TypeScript, 2nd Edition PDF 下载,http://pan.baidu.com/s/1nvDXncP,1ol5
JavaScript引擎工作原理 PDF 下载,http://pan.baidu.com/s/1c1BX21q,l1ez
clean-code-javascript PDF 下载,http://pan.baidu.com/s/1qYuojc4,sqf1
Scripting in Java Languages, Frameworks, and Patterns PDF 下载,http://pan.baidu.com/s/1qYC5bMO,8tl2
SuperMap iClient for JavaScript_快速入门 PDF 下载,http://pan.baidu.com/s/1qYhwTA0,f5jc
SuperMap iClient for JavaScript_地图对象开发 PDF 下载,http://pan.baidu.com/s/1hrQcm9I,2bto
Node.js Design Patterns, 2nd Edition PDF 下载,http://pan.baidu.com/s/1eRSNT78,hvo9
jQuery EasyUI 1.5.1 版 API 中文版  PDF 下载,http://pan.baidu.com/s/1nvyx5LR,qqgf
Mastering JavaScript Design Patterns, 2nd Edition PDF 下载,http://pan.baidu.com/s/1bpm65sj,2e4o
一个前端的自我修养 PDF 下载,http://pan.baidu.com/s/1hs6FclY,evjp
Single Page Web Application JavaScript end to end PDF 下载,http://pan.baidu.com/s/1qXD9SXA,5si3
<font color='#FF0000'>免费看千锋大牛讲解超详细的html5微案例</font>,http://pan.baidu.com/s/1pLQducF,pmfj
<font color='#FF0000'>千锋html5视频教程下载丨微案例讲解</font>,http://pan.baidu.com/s/1pLQducF,pmfj
千锋C语言基础视频教程免费看啦,http://pan.baidu.com/s/1i4MBwH3,yqly
Oracle 11g 在RHEL5.8_X86_64平台上的安装手册 PDF 下载,http://pan.baidu.com/s/1sl7cozF,l1id
对XML Feed制作与更新流程研究报告 PDF 下载,http://pan.baidu.com/s/1kURWXlt,kvw1
Javascript A wesomeness PDF 下载,http://pan.baidu.com/s/1i5H1XnJ,7cyn
TypeScript Deep Dive PDF 下载,http://pan.baidu.com/s/1kVGHPTP,zz5s
TypeScript Essentials PDF 下载,http://pan.baidu.com/s/1jHXyyVG,6tqm
Isomorphic JavaScript Web Development PDF 下载,http://pan.baidu.com/s/1eSmzLuE,mu1s
Get Coding! Learn HTML, CSS &amp; JavaScript &amp; Build a W,http://pan.baidu.com/s/1jHBJLBK,jtky
Internet of Things Programming with javascript PDF 下载,http://pan.baidu.com/s/1miklEDa,j1qz
State of Vue.js report 2017 PDF 下载,http://pan.baidu.com/s/1qYiH8za,3bm2
neo4j-developer-manual-3.3-javascript PDF 下载,http://pan.baidu.com/s/1c2rTylM,zvht
Building Modern Web Applications Using Angular PDF 下载,http://pan.baidu.com/s/1qXLaVwS,vk0e
ajax_json_jquery_slides PDF 下载,http://pan.baidu.com/s/1eR83OAI,x7p5
JQuery Tutorial PDF 下载,http://pan.baidu.com/s/1c20GAh6,hnl3
Mastering JavaScript Single Page Application Development PDF,http://pan.baidu.com/s/1mhTqyXM,7mhs
Loiane Groner Learning JavaScript Data Structures and Algori,http://pan.baidu.com/s/1hs1oxIO,3z8d
David Herman Effective JavaScript 68 Specific Ways to Harnes,http://pan.baidu.com/s/1miKJf40,2k3q
Kyle Simpson You Dont Know JS Async &amp; Performance PDF 下载,http://pan.baidu.com/s/1bpvsVx1,zuto
Kyle Simpson You Dont Know JS ES6 &amp; Beyond PDF 下载,http://pan.baidu.com/s/1jI04wYi,fa27
JSWebTools-VS2015 PDF 下载,http://pan.baidu.com/s/1gfhD86B,nnjr
think.js说明文档 PDF 下载,http://pan.baidu.com/s/1cNfcCm,lv0u
mui移动框架中文帮助文档 CHM 下载,http://pan.baidu.com/s/1c2MuKKS,iz6r
HTML5中的Web Notification桌面通知 PDF 下载,http://pan.baidu.com/s/1eS8d3Jc,crzn
《jqGrid中文文档》PDF 下载,http://pan.baidu.com/s/1c26fz2o,xnum
D3-Tips-and-Tricks-Latest PDF 下载,http://pan.baidu.com/s/1slodivN,r9o2
FindBugs错误分析说明 PDF 下载,http://pan.baidu.com/s/1qYRu7Xa,jnta
The Book of CSS3, 2nd Edition PDF 下载,http://pan.baidu.com/s/1kVED6p5,x8zr
Vue 2017 现状与展望 PDF 下载,http://pan.baidu.com/s/1c2xWKO4,znro
Bootstrap FileInput中文API整理 DOC 下载,http://pan.baidu.com/s/1miHtfJi,ivkd
<b><font color='#FF0000'>PDF在线浏览js控件 源码下载</font></b>,http://pan.baidu.com/s/1c1QMlRq,gt4w
css参考手册 v4.2.4 CHM 下载,http://pan.baidu.com/s/1nuVT1kX,zyjn
understanding ecmascript 6 中文版 PDF 下载,http://pan.baidu.com/s/1gfCI9xD,6ll5
Vue 2.0- 渐进式前端解决方案 PDF 下载,http://pan.baidu.com/s/1c13K7AS,i51i
Vue.js前端开发+快速入门与专业应用 PDF 下载,http://pan.baidu.com/s/1qXTKzlq,ez43
Vue深入浅出 PPT 下载,http://pan.baidu.com/s/1i4UEA01,ew9o
HTML 静态页面设计语言 PPT 下载,http://pan.baidu.com/s/1mhLeTew,g9vt
js-sorting-algorithm PDF 下载,http://pan.baidu.com/s/1eR2rXOe,bquj
javascript高级教程 PDF 下载,http://pan.baidu.com/s/1slbhaRN,5cba
jQuery&amp;Ajax讲义 DOC 下载,http://pan.baidu.com/s/1pL0mwwr,cws8
AngularJS的启动过程---加上了指令执行机制框图,http://pan.baidu.com/s/1dFL5tM5,77dc
HighCharts官方API帮助（翻译详细版） PDF 下载,http://pan.baidu.com/s/1eSquH70,1tap
浅谈 JavaScript PDF 下载,http://pan.baidu.com/s/1o7GRqgM,1qx8
Node.js 实战心得 - v1.0 PDF 下载,http://pan.baidu.com/s/1bFnK9w,3yge
javascript allongesix sample PDF 下载,http://pan.baidu.com/s/1c2kXl64,rm3g
JavaScript核心（对象、原型、继承、上下文、闭包,http://pan.baidu.com/s/1slFDupB,o065
Learning Node 2nd Edition PDF 下载,http://pan.baidu.com/s/1c2KNgqO,m0uq
TWaver HTML5 开发手册 PDF 下载,http://pan.baidu.com/s/1o7H3RMq,yayq
HTML和CSS网页标准指南 PDF 下载,http://pan.baidu.com/s/1nvjWe9b,g416
JavaScript模块化快速入门教程 PDF 下载,http://pan.baidu.com/s/1geTnkDt,fpow
TypeScript入门指南 PDF 下载,http://pan.baidu.com/s/1kU6Kpsr,smf6
ArcGIS JavaScript API开发—高级篇_白明 PDF 下载,http://pan.baidu.com/s/1kV9FkTx,cbxl
ArcGIS JavaScript API开发—初级篇_白明 PDF 下载,http://pan.baidu.com/s/1hsQGrQW,ve6s
TypeScript Handbook PDF 下载,http://pan.baidu.com/s/1ckUJPc,q51e
Making Games With JavaScript PDF 下载,http://pan.baidu.com/s/1i4TLqfF,76mc
JavaScript Quick Syntax Reference PDF 下载,http://pan.baidu.com/s/1skFrmTB,923v
Vue.js 2.0 参考手册 chm 下载,http://pan.baidu.com/s/1nvRk8Ff,r6i8
Extending.jQuery—扩展jQuery PDF 下载,http://pan.baidu.com/s/1kUL8EB9,gt66
JavaScript with Promises PDF 下载,http://pan.baidu.com/s/1misa5XQ,ewl4
Programming JavaScript Applications PDF 下载,http://pan.baidu.com/s/1c2qUMVu,9z0i
html颜色名列表 DOC 下载,http://pan.baidu.com/s/1hsmc8ja,c6in
TypeScript入门指南案例教程 PDF 下载,http://pan.baidu.com/s/1c2h0RQg,kwrf
Uploadify3.1与2.1.4参数详解 DOC 下载,http://pan.baidu.com/s/1bHgvjK,ccqq
RequireJS2.1中文教程 PDF 下载,http://pan.baidu.com/s/1cmo0R8,dovq
HTML帮助文档-清华大学 下载,http://pan.baidu.com/s/1jIuf7Fo,om7l
CSS Floating PDF 下载,http://pan.baidu.com/s/1pKYW4Y3,p2sk
Positioning in CSS PDF 下载,http://pan.baidu.com/s/1kV0OZEv,jwj7
《Node.js入门经典》PDF 下载,http://pan.baidu.com/s/1hq8589Y,(访问密码：syh0)
《json入门(经典)》PDF 下载,http://yunpan.cn/QzKwez4gpsdWc,(访问密码：9315)
